times,rate_values,rate_models,targets_id,values_id,models_id
2007-02,100.0,100.0,"['2001.01568', '2012.12877', '1811.01399', '1811.11721', '1901.08150', '1903.07293', '2007.08442', '2103.04224', '2203.08450', '1609.04741']","['2001.01568', '2012.12877', '1811.01399', '1811.11721', '1901.08150', '1903.07293', '2007.08442', '2103.04224', '2203.08450', '1609.04741']","['2001.01568', '2012.12877', '1811.01399', '1811.11721', '1901.08150', '1903.07293', '2007.08442', '2103.04224', '2203.08450', '1609.04741']"
2007-03,100.0,100.0,"['2001.01568', '2012.12877', '1811.01399', '1811.11721', '1901.08150', '1903.07293', '2007.08442', '2103.04224', '2203.08450', '1609.04741']","['2001.01568', '2012.12877', '1811.01399', '1811.11721', '1901.08150', '1903.07293', '2007.08442', '2103.04224', '2203.08450', '1609.04741']","['2001.01568', '2012.12877', '1811.01399', '1811.11721', '1901.08150', '1903.07293', '2007.08442', '2103.04224', '2203.08450', '1609.04741']"
2007-04,100.0,100.0,"['2001.01568', '2012.12877', '1811.01399', '1811.11721', '1901.08150', '1903.07293', '2007.08442', '2103.04224', '2203.08450', '1609.04741']","['2001.01568', '2012.12877', '1811.01399', '1811.11721', '1901.08150', '1903.07293', '2007.08442', '2103.04224', '2203.08450', '1609.04741']","['2001.01568', '2012.12877', '1811.01399', '1811.11721', '1901.08150', '1903.07293', '2007.08442', '2103.04224', '2203.08450', '1609.04741']"
2007-05,100.0,100.0,"['2001.01568', '2012.12877', '1811.01399', '1811.11721', '1901.08150', '1903.07293', '2007.08442', '2103.04224', '2203.08450', '1609.04741']","['2001.01568', '2012.12877', '1811.01399', '1811.11721', '1901.08150', '1903.07293', '2007.08442', '2103.04224', '2203.08450', '1609.04741']","['2001.01568', '2012.12877', '1811.01399', '1811.11721', '1901.08150', '1903.07293', '2007.08442', '2103.04224', '2203.08450', '1609.04741']"
2007-06,100.0,100.0,"['2001.01568', '2012.12877', '1811.01399', '1811.11721', '1901.08150', '1903.07293', '2007.08442', '2103.04224', '2203.08450', '1609.04741']","['2001.01568', '2012.12877', '1811.01399', '1811.11721', '1901.08150', '1903.07293', '2007.08442', '2103.04224', '2203.08450', '1609.04741']","['2001.01568', '2012.12877', '1811.01399', '1811.11721', '1901.08150', '1903.07293', '2007.08442', '2103.04224', '2203.08450', '1609.04741']"
2007-07,100.0,100.0,"['2001.01568', '2012.12877', '1811.01399', '1811.11721', '1901.08150', '1903.07293', '2007.08442', '2103.04224', '2203.08450', '1609.04741']","['2001.01568', '2012.12877', '1811.01399', '1811.11721', '1901.08150', '1903.07293', '2007.08442', '2103.04224', '2203.08450', '1609.04741']","['2001.01568', '2012.12877', '1811.01399', '1811.11721', '1901.08150', '1903.07293', '2007.08442', '2103.04224', '2203.08450', '1609.04741']"
2007-08,100.0,100.0,"['2001.01568', '2012.12877', '1811.01399', '1811.11721', '1901.08150', '1903.07293', '2007.08442', '2103.04224', '2203.08450', '1609.04741']","['2001.01568', '2012.12877', '1811.01399', '1811.11721', '1901.08150', '1903.07293', '2007.08442', '2103.04224', '2203.08450', '1609.04741']","['2001.01568', '2012.12877', '1811.01399', '1811.11721', '1901.08150', '1903.07293', '2007.08442', '2103.04224', '2203.08450', '1609.04741']"
2007-09,100.0,100.0,"['2001.01568', '2012.12877', '1811.01399', '1811.11721', '1901.08150', '1903.07293', '2007.08442', '2103.04224', '2203.08450', '1609.04741']","['2001.01568', '2012.12877', '1811.01399', '1811.11721', '1901.08150', '1903.07293', '2007.08442', '2103.04224', '2203.08450', '1609.04741']","['2001.01568', '2012.12877', '1811.01399', '1811.11721', '1901.08150', '1903.07293', '2007.08442', '2103.04224', '2203.08450', '1609.04741']"
2007-10,100.0,100.0,"['2001.01568', '2012.12877', '1811.01399', '1811.11721', '1901.08150', '1903.07293', '2007.08442', '2103.04224', '2203.08450', '1609.04741']","['2001.01568', '2012.12877', '1811.01399', '1811.11721', '1901.08150', '1903.07293', '2007.08442', '2103.04224', '2203.08450', '1609.04741']","['2001.01568', '2012.12877', '1811.01399', '1811.11721', '1901.08150', '1903.07293', '2007.08442', '2103.04224', '2203.08450', '1609.04741']"
2007-11,100.0,100.0,"['2001.01568', '2012.12877', '1811.01399', '1811.11721', '1901.08150', '1903.07293', '2007.08442', '2103.04224', '2203.08450', '1609.04741']","['2001.01568', '2012.12877', '1811.01399', '1811.11721', '1901.08150', '1903.07293', '2007.08442', '2103.04224', '2203.08450', '1609.04741']","['2001.01568', '2012.12877', '1811.01399', '1811.11721', '1901.08150', '1903.07293', '2007.08442', '2103.04224', '2203.08450', '1609.04741']"
2007-12,100.0,100.0,"['2001.01568', '2012.12877', '1811.01399', '1811.11721', '1901.08150', '1903.07293', '2007.08442', '2103.04224', '2203.08450', '1609.04741']","['2001.01568', '2012.12877', '1811.01399', '1811.11721', '1901.08150', '1903.07293', '2007.08442', '2103.04224', '2203.08450', '1609.04741']","['2001.01568', '2012.12877', '1811.01399', '1811.11721', '1901.08150', '1903.07293', '2007.08442', '2103.04224', '2203.08450', '1609.04741']"
2008-01,100.0,100.0,"['2001.01568', '2012.12877', '1811.01399', '1811.11721', '1901.08150', '1903.07293', '2007.08442', '2103.04224', '2203.08450', '1609.04741']","['2001.01568', '2012.12877', '1811.01399', '1811.11721', '1901.08150', '1903.07293', '2007.08442', '2103.04224', '2203.08450', '1609.04741']","['2001.01568', '2012.12877', '1811.01399', '1811.11721', '1901.08150', '1903.07293', '2007.08442', '2103.04224', '2203.08450', '1609.04741']"
2008-02,100.0,100.0,"['2001.01568', '2012.12877', '1811.01399', '1811.11721', '1901.08150', '1903.07293', '2007.08442', '2103.04224', '2203.08450', '1609.04741']","['2001.01568', '2012.12877', '1811.01399', '1811.11721', '1901.08150', '1903.07293', '2007.08442', '2103.04224', '2203.08450', '1609.04741']","['2001.01568', '2012.12877', '1811.01399', '1811.11721', '1901.08150', '1903.07293', '2007.08442', '2103.04224', '2203.08450', '1609.04741']"
2008-03,100.0,100.0,"['2001.01568', '2012.12877', '1811.01399', '1811.11721', '1901.08150', '1903.07293', '2007.08442', '2103.04224', '2203.08450', '1609.04741']","['2001.01568', '2012.12877', '1811.01399', '1811.11721', '1901.08150', '1903.07293', '2007.08442', '2103.04224', '2203.08450', '1609.04741']","['2001.01568', '2012.12877', '1811.01399', '1811.11721', '1901.08150', '1903.07293', '2007.08442', '2103.04224', '2203.08450', '1609.04741']"
2008-04,100.0,100.0,"['2001.01568', '2012.12877', '1811.01399', '1811.11721', '1901.08150', '1903.07293', '2007.08442', '2103.04224', '2203.08450', '1609.04741']","['2001.01568', '2012.12877', '1811.01399', '1811.11721', '1901.08150', '1903.07293', '2007.08442', '2103.04224', '2203.08450', '1609.04741']","['2001.01568', '2012.12877', '1811.01399', '1811.11721', '1901.08150', '1903.07293', '2007.08442', '2103.04224', '2203.08450', '1609.04741']"
2008-05,100.0,100.0,"['2001.01568', '2012.12877', '1811.01399', '1811.11721', '1901.08150', '1903.07293', '2007.08442', '2103.04224', '2203.08450', '1609.04741']","['2001.01568', '2012.12877', '1811.01399', '1811.11721', '1901.08150', '1903.07293', '2007.08442', '2103.04224', '2203.08450', '1609.04741']","['2001.01568', '2012.12877', '1811.01399', '1811.11721', '1901.08150', '1903.07293', '2007.08442', '2103.04224', '2203.08450', '1609.04741']"
2008-06,100.0,100.0,"['2001.01568', '2012.12877', '1811.01399', '1811.11721', '1901.08150', '1903.07293', '2007.08442', '2103.04224', '2203.08450', '1609.04741']","['2001.01568', '2012.12877', '1811.01399', '1811.11721', '1901.08150', '1903.07293', '2007.08442', '2103.04224', '2203.08450', '1609.04741']","['2001.01568', '2012.12877', '1811.01399', '1811.11721', '1901.08150', '1903.07293', '2007.08442', '2103.04224', '2203.08450', '1609.04741']"
2008-07,100.0,100.0,"['2001.01568', '2012.12877', '1811.01399', '1811.11721', '1901.08150', '1903.07293', '2007.08442', '2103.04224', '2203.08450', '1609.04741']","['2001.01568', '2012.12877', '1811.01399', '1811.11721', '1901.08150', '1903.07293', '2007.08442', '2103.04224', '2203.08450', '1609.04741']","['2001.01568', '2012.12877', '1811.01399', '1811.11721', '1901.08150', '1903.07293', '2007.08442', '2103.04224', '2203.08450', '1609.04741']"
2008-08,100.0,100.0,"['2001.01568', '2012.12877', '1811.01399', '1811.11721', '1901.08150', '1903.07293', '2007.08442', '2103.04224', '2203.08450', '1609.04741']","['2001.01568', '2012.12877', '1811.01399', '1811.11721', '1901.08150', '1903.07293', '2007.08442', '2103.04224', '2203.08450', '1609.04741']","['2001.01568', '2012.12877', '1811.01399', '1811.11721', '1901.08150', '1903.07293', '2007.08442', '2103.04224', '2203.08450', '1609.04741']"
2008-09,100.0,100.0,"['2001.01568', '2012.12877', '1811.01399', '1811.11721', '1901.08150', '1903.07293', '2007.08442', '2103.04224', '2203.08450', '1609.04741']","['2001.01568', '2012.12877', '1811.01399', '1811.11721', '1901.08150', '1903.07293', '2007.08442', '2103.04224', '2203.08450', '1609.04741']","['2001.01568', '2012.12877', '1811.01399', '1811.11721', '1901.08150', '1903.07293', '2007.08442', '2103.04224', '2203.08450', '1609.04741']"
2008-10,100.0,100.0,"['2001.01568', '2012.12877', '1811.01399', '1811.11721', '1901.08150', '1903.07293', '2007.08442', '2103.04224', '2203.08450', '1609.04741']","['2001.01568', '2012.12877', '1811.01399', '1811.11721', '1901.08150', '1903.07293', '2007.08442', '2103.04224', '2203.08450', '1609.04741']","['2001.01568', '2012.12877', '1811.01399', '1811.11721', '1901.08150', '1903.07293', '2007.08442', '2103.04224', '2203.08450', '1609.04741']"
2008-11,100.0,100.0,"['2001.01568', '2012.12877', '1811.01399', '1811.11721', '1901.08150', '1903.07293', '2007.08442', '2103.04224', '2203.08450', '1609.04741']","['2001.01568', '2012.12877', '1811.01399', '1811.11721', '1901.08150', '1903.07293', '2007.08442', '2103.04224', '2203.08450', '1609.04741']","['2001.01568', '2012.12877', '1811.01399', '1811.11721', '1901.08150', '1903.07293', '2007.08442', '2103.04224', '2203.08450', '1609.04741']"
2008-12,100.0,100.0,"['2001.01568', '2012.12877', '1811.01399', '1811.11721', '1901.08150', '1903.07293', '2007.08442', '2103.04224', '2203.08450', '1609.04741']","['2001.01568', '2012.12877', '1811.01399', '1811.11721', '1901.08150', '1903.07293', '2007.08442', '2103.04224', '2203.08450', '1609.04741']","['2001.01568', '2012.12877', '1811.01399', '1811.11721', '1901.08150', '1903.07293', '2007.08442', '2103.04224', '2203.08450', '1609.04741']"
2009-01,100.0,100.0,"['2001.01568', '2012.12877', '1811.01399', '1811.11721', '1901.08150', '1903.07293', '2007.08442', '2103.04224', '2203.08450', '1609.04741']","['2001.01568', '2012.12877', '1811.01399', '1811.11721', '1901.08150', '1903.07293', '2007.08442', '2103.04224', '2203.08450', '1609.04741']","['2001.01568', '2012.12877', '1811.01399', '1811.11721', '1901.08150', '1903.07293', '2007.08442', '2103.04224', '2203.08450', '1609.04741']"
2009-02,100.0,100.0,"['2001.01568', '2012.12877', '1811.01399', '1811.11721', '1901.08150', '1903.07293', '2007.08442', '2103.04224', '2203.08450', '1609.04741']","['2001.01568', '2012.12877', '1811.01399', '1811.11721', '1901.08150', '1903.07293', '2007.08442', '2103.04224', '2203.08450', '1609.04741']","['2001.01568', '2012.12877', '1811.01399', '1811.11721', '1901.08150', '1903.07293', '2007.08442', '2103.04224', '2203.08450', '1609.04741']"
2009-03,100.0,100.0,"['2001.01568', '2012.12877', '1811.01399', '1811.11721', '1901.08150', '1903.07293', '2007.08442', '2103.04224', '2203.08450', '1609.04741']","['2001.01568', '2012.12877', '1811.01399', '1811.11721', '1901.08150', '1903.07293', '2007.08442', '2103.04224', '2203.08450', '1609.04741']","['2001.01568', '2012.12877', '1811.01399', '1811.11721', '1901.08150', '1903.07293', '2007.08442', '2103.04224', '2203.08450', '1609.04741']"
2009-04,100.0,100.0,"['2001.01568', '2012.12877', '1811.01399', '1811.11721', '1901.08150', '1903.07293', '2007.08442', '2103.04224', '2203.08450', '1609.04741']","['2001.01568', '2012.12877', '1811.01399', '1811.11721', '1901.08150', '1903.07293', '2007.08442', '2103.04224', '2203.08450', '1609.04741']","['2001.01568', '2012.12877', '1811.01399', '1811.11721', '1901.08150', '1903.07293', '2007.08442', '2103.04224', '2203.08450', '1609.04741']"
2009-05,100.0,100.0,"['2001.01568', '2012.12877', '1811.01399', '1811.11721', '1901.08150', '1903.07293', '2007.08442', '2103.04224', '2203.08450', '1609.04741']","['2001.01568', '2012.12877', '1811.01399', '1811.11721', '1901.08150', '1903.07293', '2007.08442', '2103.04224', '2203.08450', '1609.04741']","['2001.01568', '2012.12877', '1811.01399', '1811.11721', '1901.08150', '1903.07293', '2007.08442', '2103.04224', '2203.08450', '1609.04741']"
2009-06,100.0,100.0,"['2001.01568', '2012.12877', '1811.01399', '1811.11721', '1901.08150', '1903.07293', '2007.08442', '2103.04224', '2203.08450', '1609.04741']","['2001.01568', '2012.12877', '1811.01399', '1811.11721', '1901.08150', '1903.07293', '2007.08442', '2103.04224', '2203.08450', '1609.04741']","['2001.01568', '2012.12877', '1811.01399', '1811.11721', '1901.08150', '1903.07293', '2007.08442', '2103.04224', '2203.08450', '1609.04741']"
2009-07,100.0,100.0,"['2001.01568', '2012.12877', '1811.01399', '1811.11721', '1901.08150', '1903.07293', '2007.08442', '2103.04224', '2203.08450', '1609.04741']","['2001.01568', '2012.12877', '1811.01399', '1811.11721', '1901.08150', '1903.07293', '2007.08442', '2103.04224', '2203.08450', '1609.04741']","['2001.01568', '2012.12877', '1811.01399', '1811.11721', '1901.08150', '1903.07293', '2007.08442', '2103.04224', '2203.08450', '1609.04741']"
2009-08,100.0,100.0,"['2001.01568', '2012.12877', '1811.01399', '1811.11721', '1901.08150', '1903.07293', '2007.08442', '2103.04224', '2203.08450', '1609.04741']","['2001.01568', '2012.12877', '1811.01399', '1811.11721', '1901.08150', '1903.07293', '2007.08442', '2103.04224', '2203.08450', '1609.04741']","['2001.01568', '2012.12877', '1811.01399', '1811.11721', '1901.08150', '1903.07293', '2007.08442', '2103.04224', '2203.08450', '1609.04741']"
2009-09,100.0,100.0,"['2001.01568', '2012.12877', '1811.01399', '1811.11721', '1901.08150', '1903.07293', '2007.08442', '2103.04224', '2203.08450', '1609.04741']","['2001.01568', '2012.12877', '1811.01399', '1811.11721', '1901.08150', '1903.07293', '2007.08442', '2103.04224', '2203.08450', '1609.04741']","['2001.01568', '2012.12877', '1811.01399', '1811.11721', '1901.08150', '1903.07293', '2007.08442', '2103.04224', '2203.08450', '1609.04741']"
2009-10,100.0,100.0,"['2001.01568', '2012.12877', '1811.01399', '1811.11721', '1901.08150', '1903.07293', '2007.08442', '2103.04224', '2203.08450', '1609.04741']","['2001.01568', '2012.12877', '1811.01399', '1811.11721', '1901.08150', '1903.07293', '2007.08442', '2103.04224', '2203.08450', '1609.04741']","['2001.01568', '2012.12877', '1811.01399', '1811.11721', '1901.08150', '1903.07293', '2007.08442', '2103.04224', '2203.08450', '1609.04741']"
2009-11,100.0,100.0,"['2001.01568', '2012.12877', '1811.01399', '1811.11721', '1901.08150', '1903.07293', '2007.08442', '2103.04224', '2203.08450', '1609.04741']","['2001.01568', '2012.12877', '1811.01399', '1811.11721', '1901.08150', '1903.07293', '2007.08442', '2103.04224', '2203.08450', '1609.04741']","['2001.01568', '2012.12877', '1811.01399', '1811.11721', '1901.08150', '1903.07293', '2007.08442', '2103.04224', '2203.08450', '1609.04741']"
2009-12,100.0,100.0,"['2001.01568', '2012.12877', '1811.01399', '1811.11721', '1901.08150', '1903.07293', '2007.08442', '2103.04224', '2203.08450', '1609.04741']","['2001.01568', '2012.12877', '1811.01399', '1811.11721', '1901.08150', '1903.07293', '2007.08442', '2103.04224', '2203.08450', '1609.04741']","['2001.01568', '2012.12877', '1811.01399', '1811.11721', '1901.08150', '1903.07293', '2007.08442', '2103.04224', '2203.08450', '1609.04741']"
2010-01,100.0,100.0,"['2001.01568', '2012.12877', '1811.01399', '1811.11721', '1901.08150', '1903.07293', '2007.08442', '2103.04224', '2203.08450', '1609.04741']","['2001.01568', '2012.12877', '1811.01399', '1811.11721', '1901.08150', '1903.07293', '2007.08442', '2103.04224', '2203.08450', '1609.04741']","['2001.01568', '2012.12877', '1811.01399', '1811.11721', '1901.08150', '1903.07293', '2007.08442', '2103.04224', '2203.08450', '1609.04741']"
2010-02,100.0,100.0,"['2001.01568', '2012.12877', '1811.01399', '1811.11721', '1901.08150', '1903.07293', '2007.08442', '2103.04224', '2203.08450', '1609.04741']","['2001.01568', '2012.12877', '1811.01399', '1811.11721', '1901.08150', '1903.07293', '2007.08442', '2103.04224', '2203.08450', '1609.04741']","['2001.01568', '2012.12877', '1811.01399', '1811.11721', '1901.08150', '1903.07293', '2007.08442', '2103.04224', '2203.08450', '1609.04741']"
2010-03,100.0,100.0,"['2001.01568', '2012.12877', '1811.01399', '1811.11721', '1901.08150', '1903.07293', '2007.08442', '2103.04224', '2203.08450', '1609.04741']","['2001.01568', '2012.12877', '1811.01399', '1811.11721', '1901.08150', '1903.07293', '2007.08442', '2103.04224', '2203.08450', '1609.04741']","['2001.01568', '2012.12877', '1811.01399', '1811.11721', '1901.08150', '1903.07293', '2007.08442', '2103.04224', '2203.08450', '1609.04741']"
2010-04,100.0,90.0,"['2001.01568', '2012.12877', '1811.01399', '1811.11721', '1901.08150', '1903.07293', '2007.08442', '2103.04224', '2203.08450', '1609.04741']","['2001.01568', '2012.12877', '1811.01399', '1811.11721', '1901.08150', '1903.07293', '2007.08442', '2103.04224', '2106.15984', '2203.08450']","['2001.01568', '2012.12877', '1811.01399', '1811.11721', '1901.08150', '1903.07293', '2007.08442', '2103.04224', '2203.08450', '1609.04741']"
2010-05,100.0,100.0,"['2001.01568', '2012.12877', '1811.01399', '1811.11721', '1901.08150', '1903.07293', '2007.08442', '2103.04224', '2106.15984', '2203.08450']","['2001.01568', '2012.12877', '1811.01399', '1811.11721', '1901.08150', '1903.07293', '2007.08442', '2103.04224', '2106.15984', '2203.08450']","['2001.01568', '2012.12877', '2106.15984', '1811.01399', '1811.11721', '1901.08150', '1903.07293', '2007.08442', '2103.04224', '2203.08450']"
2010-06,100.0,100.0,"['2001.01568', '2012.12877', '1811.01399', '1811.11721', '1901.08150', '1903.07293', '2007.08442', '2103.04224', '2106.15984', '2203.08450']","['2001.01568', '2012.12877', '1811.01399', '1811.11721', '1901.08150', '1903.07293', '2007.08442', '2103.04224', '2106.15984', '2203.08450']","['2001.01568', '2012.12877', '1811.01399', '1811.11721', '1901.08150', '1903.07293', '2007.08442', '2103.04224', '2203.08450', '2106.15984']"
2010-07,100.0,100.0,"['2001.01568', '2012.12877', '1811.01399', '1811.11721', '1901.08150', '1903.07293', '2007.08442', '2103.04224', '2106.15984', '2203.08450']","['2001.01568', '2012.12877', '1811.01399', '1811.11721', '1901.08150', '1903.07293', '2007.08442', '2103.04224', '2106.15984', '2203.08450']","['2001.01568', '2012.12877', '2106.15984', '1811.01399', '1811.11721', '1901.08150', '1903.07293', '2007.08442', '2103.04224', '2203.08450']"
2010-08,100.0,100.0,"['2001.01568', '2012.12877', '1811.01399', '1811.11721', '1901.08150', '1903.07293', '2007.08442', '2103.04224', '2106.15984', '2203.08450']","['2001.01568', '2012.12877', '1811.01399', '1811.11721', '1901.08150', '1903.07293', '2007.08442', '2103.04224', '2106.15984', '2203.08450']","['2001.01568', '2012.12877', '1811.01399', '1811.11721', '1901.08150', '1903.07293', '2007.08442', '2103.04224', '2203.08450', '2106.15984']"
2010-09,100.0,100.0,"['2001.01568', '2012.12877', '1811.01399', '1811.11721', '1901.08150', '1903.07293', '2007.08442', '2103.04224', '2106.15984', '2203.08450']","['2001.01568', '2012.12877', '1811.01399', '1811.11721', '1901.08150', '1903.07293', '2007.08442', '2103.04224', '2106.15984', '2203.08450']","['2001.01568', '2012.12877', '2106.15984', '1811.01399', '1811.11721', '1901.08150', '1903.07293', '2007.08442', '2103.04224', '2203.08450']"
2010-10,100.0,100.0,"['2001.01568', '2012.12877', '1811.01399', '1811.11721', '1901.08150', '1903.07293', '2007.08442', '2103.04224', '2106.15984', '2203.08450']","['2001.01568', '2012.12877', '1811.01399', '1811.11721', '1901.08150', '1903.07293', '2007.08442', '2103.04224', '2106.15984', '2203.08450']","['2001.01568', '2012.12877', '1811.01399', '1811.11721', '1901.08150', '1903.07293', '2007.08442', '2103.04224', '2106.15984', '2203.08450']"
2010-11,100.0,100.0,"['2001.01568', '2012.12877', '1811.01399', '1811.11721', '1901.08150', '1903.07293', '2007.08442', '2103.04224', '2106.15984', '2203.08450']","['2001.01568', '2012.12877', '1811.01399', '1811.11721', '1901.08150', '1903.07293', '2007.08442', '2103.04224', '2106.15984', '2203.08450']","['2001.01568', '2012.12877', '1811.01399', '1811.11721', '1901.08150', '1903.07293', '2007.08442', '2103.04224', '2106.15984', '2203.08450']"
2010-12,100.0,100.0,"['2001.01568', '2012.12877', '1811.01399', '1811.11721', '1901.08150', '1903.07293', '2007.08442', '2103.04224', '2106.15984', '2203.08450']","['2001.01568', '2012.12877', '1811.01399', '1811.11721', '1901.08150', '1903.07293', '2007.08442', '2103.04224', '2106.15984', '2203.08450']","['2001.01568', '2012.12877', '1811.01399', '1811.11721', '1901.08150', '1903.07293', '2007.08442', '2103.04224', '2106.15984', '2203.08450']"
2011-01,100.0,100.0,"['2001.01568', '2012.12877', '1811.01399', '1811.11721', '1901.08150', '1903.07293', '2007.08442', '2103.04224', '2106.15984', '2203.08450']","['2001.01568', '2012.12877', '1811.01399', '1811.11721', '1901.08150', '1903.07293', '2007.08442', '2103.04224', '2106.15984', '2203.08450']","['2001.01568', '2012.12877', '1811.01399', '1811.11721', '1901.08150', '1903.07293', '2007.08442', '2103.04224', '2106.15984', '2203.08450']"
2011-02,100.0,100.0,"['2001.01568', '2012.12877', '1811.01399', '1811.11721', '1901.08150', '1903.07293', '2007.08442', '2103.04224', '2106.15984', '2203.08450']","['2001.01568', '2012.12877', '1811.01399', '1811.11721', '1901.08150', '1903.07293', '2007.08442', '2103.04224', '2106.15984', '2203.08450']","['2001.01568', '2012.12877', '1811.01399', '1811.11721', '1901.08150', '1903.07293', '2007.08442', '2103.04224', '2106.15984', '2203.08450']"
2011-03,100.0,100.0,"['2001.01568', '2012.12877', '1811.01399', '1811.11721', '1901.08150', '1903.07293', '2007.08442', '2103.04224', '2106.15984', '2203.08450']","['2001.01568', '2012.12877', '1811.01399', '1811.11721', '1901.08150', '1903.07293', '2007.08442', '2103.04224', '2106.15984', '2203.08450']","['2001.01568', '2012.12877', '1811.01399', '1811.11721', '1901.08150', '1903.07293', '2007.08442', '2103.04224', '2106.15984', '2203.08450']"
2011-04,100.0,100.0,"['2001.01568', '2012.12877', '1811.01399', '1811.11721', '1901.08150', '1903.07293', '2007.08442', '2103.04224', '2106.15984', '2203.08450']","['2001.01568', '2012.12877', '1811.01399', '1811.11721', '1901.08150', '1903.07293', '2007.08442', '2103.04224', '2106.15984', '2203.08450']","['2001.01568', '2012.12877', '1811.01399', '1811.11721', '1901.08150', '1903.07293', '2007.08442', '2103.04224', '2106.15984', '2203.08450']"
2011-05,100.0,100.0,"['2001.01568', '2012.12877', '1811.01399', '1811.11721', '1901.08150', '1903.07293', '2007.08442', '2103.04224', '2106.15984', '2203.08450']","['2001.01568', '2012.12877', '1811.01399', '1811.11721', '1901.08150', '1903.07293', '2007.08442', '2103.04224', '2106.15984', '2203.08450']","['2001.01568', '2012.12877', '1811.01399', '1811.11721', '1901.08150', '1903.07293', '2007.08442', '2103.04224', '2106.15984', '2203.08450']"
2011-06,100.0,100.0,"['2001.01568', '2012.12877', '1811.01399', '1811.11721', '1901.08150', '1903.07293', '2007.08442', '2103.04224', '2106.15984', '2203.08450']","['2001.01568', '2012.12877', '1811.01399', '1811.11721', '1901.08150', '1903.07293', '2007.08442', '2103.04224', '2106.15984', '2203.08450']","['2001.01568', '2012.12877', '1811.01399', '1811.11721', '1901.08150', '1903.07293', '2007.08442', '2103.04224', '2106.15984', '2203.08450']"
2011-07,100.0,100.0,"['2001.01568', '2012.12877', '1811.01399', '1811.11721', '1901.08150', '1903.07293', '2007.08442', '2103.04224', '2106.15984', '2203.08450']","['2001.01568', '2012.12877', '1811.01399', '1811.11721', '1901.08150', '1903.07293', '2007.08442', '2103.04224', '2106.15984', '2203.08450']","['2001.01568', '2012.12877', '1811.01399', '1811.11721', '1901.08150', '1903.07293', '2007.08442', '2103.04224', '2106.15984', '2203.08450']"
2011-08,100.0,100.0,"['2001.01568', '2012.12877', '1811.01399', '1811.11721', '1901.08150', '1903.07293', '2007.08442', '2103.04224', '2106.15984', '2203.08450']","['2001.01568', '2012.12877', '1811.01399', '1811.11721', '1901.08150', '1903.07293', '2007.08442', '2103.04224', '2106.15984', '2203.08450']","['2001.01568', '2012.12877', '1811.01399', '1811.11721', '1901.08150', '1903.07293', '2007.08442', '2103.04224', '2106.15984', '2203.08450']"
2011-09,100.0,100.0,"['2001.01568', '2012.12877', '1811.01399', '1811.11721', '1901.08150', '1903.07293', '2007.08442', '2103.04224', '2106.15984', '2203.08450']","['2001.01568', '2012.12877', '1811.01399', '1811.11721', '1901.08150', '1903.07293', '2007.08442', '2103.04224', '2106.15984', '2203.08450']","['2001.01568', '2012.12877', '1811.01399', '1811.11721', '1901.08150', '1903.07293', '2007.08442', '2103.04224', '2106.15984', '2203.08450']"
2011-10,100.0,100.0,"['2001.01568', '2012.12877', '1811.01399', '1811.11721', '1901.08150', '1903.07293', '2007.08442', '2103.04224', '2106.15984', '2203.08450']","['2001.01568', '2012.12877', '1811.01399', '1811.11721', '1901.08150', '1903.07293', '2007.08442', '2103.04224', '2106.15984', '2203.08450']","['2001.01568', '2012.12877', '1811.01399', '1811.11721', '1901.08150', '1903.07293', '2007.08442', '2103.04224', '2106.15984', '2203.08450']"
2011-11,100.0,100.0,"['2001.01568', '2012.12877', '1811.01399', '1811.11721', '1901.08150', '1903.07293', '2007.08442', '2103.04224', '2106.15984', '2203.08450']","['2001.01568', '2012.12877', '1811.01399', '1811.11721', '1901.08150', '1903.07293', '2007.08442', '2103.04224', '2106.15984', '2203.08450']","['2001.01568', '2012.12877', '1811.01399', '1811.11721', '1901.08150', '1903.07293', '2007.08442', '2103.04224', '2106.15984', '2203.08450']"
2011-12,100.0,100.0,"['2001.01568', '2012.12877', '1811.01399', '1811.11721', '1901.08150', '1903.07293', '2007.08442', '2103.04224', '2106.15984', '2203.08450']","['2001.01568', '2012.12877', '1811.01399', '1811.11721', '1901.08150', '1903.07293', '2007.08442', '2103.04224', '2106.15984', '2203.08450']","['2001.01568', '2012.12877', '1811.01399', '1811.11721', '1901.08150', '1903.07293', '2007.08442', '2103.04224', '2106.15984', '2203.08450']"
2012-01,100.0,100.0,"['2001.01568', '2012.12877', '1811.01399', '1811.11721', '1901.08150', '1903.07293', '2007.08442', '2103.04224', '2106.15984', '2203.08450']","['2001.01568', '2012.12877', '1811.01399', '1811.11721', '1901.08150', '1903.07293', '2007.08442', '2103.04224', '2106.15984', '2203.08450']","['2001.01568', '2012.12877', '1811.01399', '1811.11721', '1901.08150', '1903.07293', '2007.08442', '2103.04224', '2106.15984', '2203.08450']"
2012-02,100.0,90.0,"['2001.01568', '2012.12877', '1811.01399', '1811.11721', '1901.08150', '1903.07293', '2007.08442', '2103.04224', '2106.15984', '2203.08450']","['2001.01568', '2012.12877', '1811.01399', '1811.11721', '1901.08150', '1903.07293', '2001.01083', '2007.08442', '2103.04224', '2106.15984']","['2001.01568', '2012.12877', '1811.01399', '1811.11721', '1901.08150', '1903.07293', '2007.08442', '2103.04224', '2106.15984', '2203.08450']"
2012-03,100.0,100.0,"['2001.01568', '2012.12877', '1811.01399', '1811.11721', '1901.08150', '1903.07293', '2001.01083', '2007.08442', '2103.04224', '2106.15984']","['2001.01568', '2012.12877', '1811.01399', '1811.11721', '1901.08150', '1903.07293', '2001.01083', '2007.08442', '2103.04224', '2106.15984']","['2001.01568', '2012.12877', '2001.01083', '1811.01399', '1811.11721', '1901.08150', '1903.07293', '2007.08442', '2103.04224', '2106.15984']"
2012-04,90.0,100.0,"['2001.01568', '2012.12877', '1811.01399', '1811.11721', '1901.08150', '1903.07293', '2001.01083', '2007.08442', '2103.04224', '2106.15984']","['2001.01568', '2012.12877', '1811.01399', '1811.11721', '1901.08150', '1903.07293', '2001.01083', '2007.08442', '2103.04224', '2106.15984']","['2001.01568', '2012.12877', '1811.01399', '1811.11721', '1901.08150', '1903.07293', '2007.08442', '2103.04224', '2106.15984', '2203.08450']"
2012-05,100.0,100.0,"['2001.01568', '2012.12877', '1811.01399', '1811.11721', '1901.08150', '1903.07293', '2001.01083', '2007.08442', '2103.04224', '2106.15984']","['2001.01568', '2012.12877', '1811.01399', '1811.11721', '1901.08150', '1903.07293', '2001.01083', '2007.08442', '2103.04224', '2106.15984']","['2001.01568', '2012.12877', '2001.01083', '1811.01399', '1811.11721', '1901.08150', '1903.07293', '2007.08442', '2103.04224', '2106.15984']"
2012-06,90.0,100.0,"['2001.01568', '2012.12877', '1811.01399', '1811.11721', '1901.08150', '1903.07293', '2001.01083', '2007.08442', '2103.04224', '2106.15984']","['2001.01568', '2012.12877', '1811.01399', '1811.11721', '1901.08150', '1903.07293', '2001.01083', '2007.08442', '2103.04224', '2106.15984']","['2001.01568', '2012.12877', '1811.01399', '1811.11721', '1901.08150', '1903.07293', '2007.08442', '2103.04224', '2106.15984', '2203.08450']"
2012-07,100.0,100.0,"['2001.01568', '2012.12877', '1811.01399', '1811.11721', '1901.08150', '1903.07293', '2001.01083', '2007.08442', '2103.04224', '2106.15984']","['2001.01568', '2012.12877', '1811.01399', '1811.11721', '1901.08150', '1903.07293', '2001.01083', '2007.08442', '2103.04224', '2106.15984']","['2001.01568', '2012.12877', '2001.01083', '1811.01399', '1811.11721', '1901.08150', '1903.07293', '2007.08442', '2103.04224', '2106.15984']"
2012-08,100.0,100.0,"['2001.01568', '2012.12877', '1811.01399', '1811.11721', '1901.08150', '1903.07293', '2001.01083', '2007.08442', '2103.04224', '2106.15984']","['2001.01568', '2012.12877', '1811.01399', '1811.11721', '1901.08150', '1903.07293', '2001.01083', '2007.08442', '2103.04224', '2106.15984']","['2001.01568', '2012.12877', '1811.01399', '1811.11721', '1901.08150', '1903.07293', '2001.01083', '2007.08442', '2103.04224', '2106.15984']"
2012-09,100.0,100.0,"['2001.01568', '2012.12877', '1811.01399', '1811.11721', '1901.08150', '1903.07293', '2001.01083', '2007.08442', '2103.04224', '2106.15984']","['2001.01568', '2012.12877', '1811.01399', '1811.11721', '1901.08150', '1903.07293', '2001.01083', '2007.08442', '2103.04224', '2106.15984']","['2001.01568', '2012.12877', '1811.01399', '1811.11721', '1901.08150', '1903.07293', '2001.01083', '2007.08442', '2103.04224', '2106.15984']"
2012-10,100.0,100.0,"['2001.01568', '2012.12877', '1811.01399', '1811.11721', '1901.08150', '1903.07293', '2001.01083', '2007.08442', '2103.04224', '2106.15984']","['2001.01568', '2012.12877', '1811.01399', '1811.11721', '1901.08150', '1903.07293', '2001.01083', '2007.08442', '2103.04224', '2106.15984']","['2001.01568', '2012.12877', '1811.01399', '1811.11721', '1901.08150', '1903.07293', '2001.01083', '2007.08442', '2103.04224', '2106.15984']"
2012-11,100.0,100.0,"['2001.01568', '2012.12877', '1811.01399', '1811.11721', '1901.08150', '1903.07293', '2001.01083', '2007.08442', '2103.04224', '2106.15984']","['2001.01568', '2012.12877', '1811.01399', '1811.11721', '1901.08150', '1903.07293', '2001.01083', '2007.08442', '2103.04224', '2106.15984']","['2001.01568', '2012.12877', '1811.01399', '1811.11721', '1901.08150', '1903.07293', '2001.01083', '2007.08442', '2103.04224', '2106.15984']"
2012-12,100.0,100.0,"['2001.01568', '2012.12877', '1811.01399', '1811.11721', '1901.08150', '1903.07293', '2001.01083', '2007.08442', '2103.04224', '2106.15984']","['2001.01568', '2012.12877', '1811.01399', '1811.11721', '1901.08150', '1903.07293', '2001.01083', '2007.08442', '2103.04224', '2106.15984']","['2001.01568', '2012.12877', '1811.01399', '1811.11721', '1901.08150', '1903.07293', '2001.01083', '2007.08442', '2103.04224', '2106.15984']"
2013-01,100.0,100.0,"['2001.01568', '2012.12877', '1811.01399', '1811.11721', '1901.08150', '1903.07293', '2001.01083', '2007.08442', '2103.04224', '2106.15984']","['2001.01568', '2012.12877', '1811.01399', '1811.11721', '1901.08150', '1903.07293', '2001.01083', '2007.08442', '2103.04224', '2106.15984']","['2001.01568', '2012.12877', '1811.01399', '1811.11721', '1901.08150', '1903.07293', '2001.01083', '2007.08442', '2103.04224', '2106.15984']"
2013-02,100.0,100.0,"['2001.01568', '2012.12877', '1811.01399', '1811.11721', '1901.08150', '1903.07293', '2001.01083', '2007.08442', '2103.04224', '2106.15984']","['2001.01568', '2012.12877', '1811.01399', '1811.11721', '1901.08150', '1903.07293', '2001.01083', '2007.08442', '2103.04224', '2106.15984']","['2001.01568', '2012.12877', '1811.01399', '1811.11721', '1901.08150', '1903.07293', '2001.01083', '2007.08442', '2103.04224', '2106.15984']"
2013-03,100.0,100.0,"['2001.01568', '2012.12877', '1811.01399', '1811.11721', '1901.08150', '1903.07293', '2001.01083', '2007.08442', '2103.04224', '2106.15984']","['2001.01568', '2012.12877', '1811.01399', '1811.11721', '1901.08150', '1903.07293', '2001.01083', '2007.08442', '2103.04224', '2106.15984']","['2001.01568', '2012.12877', '1811.01399', '1811.11721', '1901.08150', '1903.07293', '2001.01083', '2007.08442', '2103.04224', '2106.15984']"
2013-04,100.0,100.0,"['2001.01568', '2012.12877', '1811.01399', '1811.11721', '1901.08150', '1903.07293', '2001.01083', '2007.08442', '2103.04224', '2106.15984']","['2001.01568', '2012.12877', '1811.01399', '1811.11721', '1901.08150', '1903.07293', '2001.01083', '2007.08442', '2103.04224', '2106.15984']","['2001.01568', '2012.12877', '1811.01399', '1811.11721', '1901.08150', '1903.07293', '2001.01083', '2007.08442', '2103.04224', '2106.15984']"
2013-05,100.0,100.0,"['2001.01568', '2012.12877', '1811.01399', '1811.11721', '1901.08150', '1903.07293', '2001.01083', '2007.08442', '2103.04224', '2106.15984']","['2001.01568', '2012.12877', '1811.01399', '1811.11721', '1901.08150', '1903.07293', '2001.01083', '2007.08442', '2103.04224', '2106.15984']","['2001.01568', '2012.12877', '1811.01399', '1811.11721', '1901.08150', '1903.07293', '2001.01083', '2007.08442', '2103.04224', '2106.15984']"
2013-06,100.0,100.0,"['2001.01568', '2012.12877', '1811.01399', '1811.11721', '1901.08150', '1903.07293', '2001.01083', '2007.08442', '2103.04224', '2106.15984']","['2001.01568', '2012.12877', '1811.01399', '1811.11721', '1901.08150', '1903.07293', '2001.01083', '2007.08442', '2103.04224', '2106.15984']","['2001.01568', '2012.12877', '1811.01399', '1811.11721', '1901.08150', '1903.07293', '2001.01083', '2007.08442', '2103.04224', '2106.15984']"
2013-07,100.0,100.0,"['2001.01568', '2012.12877', '1811.01399', '1811.11721', '1901.08150', '1903.07293', '2001.01083', '2007.08442', '2103.04224', '2106.15984']","['2001.01568', '2012.12877', '1811.01399', '1811.11721', '1901.08150', '1903.07293', '2001.01083', '2007.08442', '2103.04224', '2106.15984']","['2001.01568', '2012.12877', '1811.01399', '1811.11721', '1901.08150', '1903.07293', '2001.01083', '2007.08442', '2103.04224', '2106.15984']"
2013-08,100.0,100.0,"['2001.01568', '2012.12877', '1811.01399', '1811.11721', '1901.08150', '1903.07293', '2001.01083', '2007.08442', '2103.04224', '2106.15984']","['2001.01568', '2012.12877', '1811.01399', '1811.11721', '1901.08150', '1903.07293', '2001.01083', '2007.08442', '2103.04224', '2106.15984']","['2001.01568', '2012.12877', '1811.01399', '1811.11721', '1901.08150', '1903.07293', '2001.01083', '2007.08442', '2103.04224', '2106.15984']"
2013-09,100.0,100.0,"['2001.01568', '2012.12877', '1811.01399', '1811.11721', '1901.08150', '1903.07293', '2001.01083', '2007.08442', '2103.04224', '2106.15984']","['2001.01568', '2012.12877', '1811.01399', '1811.11721', '1901.08150', '1903.07293', '2001.01083', '2007.08442', '2103.04224', '2106.15984']","['2001.01568', '2012.12877', '1811.01399', '1811.11721', '1901.08150', '1903.07293', '2001.01083', '2007.08442', '2103.04224', '2106.15984']"
2013-10,100.0,100.0,"['2001.01568', '2012.12877', '1811.01399', '1811.11721', '1901.08150', '1903.07293', '2001.01083', '2007.08442', '2103.04224', '2106.15984']","['2001.01568', '2012.12877', '1811.01399', '1811.11721', '1901.08150', '1903.07293', '2001.01083', '2007.08442', '2103.04224', '2106.15984']","['2001.01568', '2012.12877', '1811.01399', '1811.11721', '1901.08150', '1903.07293', '2001.01083', '2007.08442', '2103.04224', '2106.15984']"
2013-11,100.0,100.0,"['2001.01568', '2012.12877', '1811.01399', '1811.11721', '1901.08150', '1903.07293', '2001.01083', '2007.08442', '2103.04224', '2106.15984']","['2001.01568', '2012.12877', '1811.01399', '1811.11721', '1901.08150', '1903.07293', '2001.01083', '2007.08442', '2103.04224', '2106.15984']","['2001.01568', '2012.12877', '1811.01399', '1811.11721', '1901.08150', '1903.07293', '2001.01083', '2007.08442', '2103.04224', '2106.15984']"
2013-12,100.0,100.0,"['2001.01568', '2012.12877', '1811.01399', '1811.11721', '1901.08150', '1903.07293', '2001.01083', '2007.08442', '2103.04224', '2106.15984']","['2001.01568', '2012.12877', '1811.01399', '1811.11721', '1901.08150', '1903.07293', '2001.01083', '2007.08442', '2103.04224', '2106.15984']","['2001.01568', '2012.12877', '1811.01399', '1811.11721', '1901.08150', '1903.07293', '2001.01083', '2007.08442', '2103.04224', '2106.15984']"
2014-01,100.0,100.0,"['2001.01568', '2012.12877', '1811.01399', '1811.11721', '1901.08150', '1903.07293', '2001.01083', '2007.08442', '2103.04224', '2106.15984']","['2001.01568', '2012.12877', '1811.01399', '1811.11721', '1901.08150', '1903.07293', '2001.01083', '2007.08442', '2103.04224', '2106.15984']","['2001.01568', '2012.12877', '1811.01399', '1811.11721', '1901.08150', '1903.07293', '2001.01083', '2007.08442', '2103.04224', '2106.15984']"
2014-02,100.0,100.0,"['2001.01568', '2012.12877', '1811.01399', '1811.11721', '1901.08150', '1903.07293', '2001.01083', '2007.08442', '2103.04224', '2106.15984']","['2001.01568', '2012.12877', '1811.01399', '1811.11721', '1901.08150', '1903.07293', '2001.01083', '2007.08442', '2103.04224', '2106.15984']","['2001.01568', '2012.12877', '1811.01399', '1811.11721', '1901.08150', '1903.07293', '2001.01083', '2007.08442', '2103.04224', '2106.15984']"
2014-03,100.0,100.0,"['2001.01568', '2012.12877', '1811.01399', '1811.11721', '1901.08150', '1903.07293', '2001.01083', '2007.08442', '2103.04224', '2106.15984']","['2001.01568', '2012.12877', '1811.01399', '1811.11721', '1901.08150', '1903.07293', '2001.01083', '2007.08442', '2103.04224', '2106.15984']","['2001.01568', '2012.12877', '1811.01399', '1811.11721', '1901.08150', '1903.07293', '2001.01083', '2007.08442', '2103.04224', '2106.15984']"
2014-04,100.0,100.0,"['2001.01568', '2012.12877', '1811.01399', '1811.11721', '1901.08150', '1903.07293', '2001.01083', '2007.08442', '2103.04224', '2106.15984']","['2001.01568', '2012.12877', '1811.01399', '1811.11721', '1901.08150', '1903.07293', '2001.01083', '2007.08442', '2103.04224', '2106.15984']","['2001.01568', '2012.12877', '1811.01399', '1811.11721', '1901.08150', '1903.07293', '2001.01083', '2007.08442', '2103.04224', '2106.15984']"
2014-05,100.0,100.0,"['2001.01568', '2012.12877', '1811.01399', '1811.11721', '1901.08150', '1903.07293', '2001.01083', '2007.08442', '2103.04224', '2106.15984']","['2001.01568', '2012.12877', '1811.01399', '1811.11721', '1901.08150', '1903.07293', '2001.01083', '2007.08442', '2103.04224', '2106.15984']","['2001.01568', '2012.12877', '1811.01399', '1811.11721', '1901.08150', '1903.07293', '2001.01083', '2007.08442', '2103.04224', '2106.15984']"
2014-06,100.0,100.0,"['2001.01568', '2012.12877', '1811.01399', '1811.11721', '1901.08150', '1903.07293', '2001.01083', '2007.08442', '2103.04224', '2106.15984']","['2001.01568', '2012.12877', '1811.01399', '1811.11721', '1901.08150', '1903.07293', '2001.01083', '2007.08442', '2103.04224', '2106.15984']","['2001.01568', '2012.12877', '1811.01399', '1811.11721', '1901.08150', '1903.07293', '2001.01083', '2007.08442', '2103.04224', '2106.15984']"
2014-07,100.0,100.0,"['2001.01568', '2012.12877', '1811.01399', '1811.11721', '1901.08150', '1903.07293', '2001.01083', '2007.08442', '2103.04224', '2106.15984']","['2001.01568', '2012.12877', '1811.01399', '1811.11721', '1901.08150', '1903.07293', '2001.01083', '2007.08442', '2103.04224', '2106.15984']","['2001.01568', '2012.12877', '1811.01399', '1811.11721', '1901.08150', '1903.07293', '2001.01083', '2007.08442', '2103.04224', '2106.15984']"
2014-08,100.0,100.0,"['2001.01568', '2012.12877', '1811.01399', '1811.11721', '1901.08150', '1903.07293', '2001.01083', '2007.08442', '2103.04224', '2106.15984']","['2001.01568', '2012.12877', '1811.01399', '1811.11721', '1901.08150', '1903.07293', '2001.01083', '2007.08442', '2103.04224', '2106.15984']","['2001.01568', '2012.12877', '1811.01399', '1811.11721', '1901.08150', '1903.07293', '2001.01083', '2007.08442', '2103.04224', '2106.15984']"
2014-09,100.0,100.0,"['2001.01568', '2012.12877', '1811.01399', '1811.11721', '1901.08150', '1903.07293', '2001.01083', '2007.08442', '2103.04224', '2106.15984']","['2001.01568', '2012.12877', '1811.01399', '1811.11721', '1901.08150', '1903.07293', '2001.01083', '2007.08442', '2103.04224', '2106.15984']","['2001.01568', '2012.12877', '1811.01399', '1811.11721', '1901.08150', '1903.07293', '2001.01083', '2007.08442', '2103.04224', '2106.15984']"
2014-10,100.0,100.0,"['2001.01568', '2012.12877', '1811.01399', '1811.11721', '1901.08150', '1903.07293', '2001.01083', '2007.08442', '2103.04224', '2106.15984']","['2001.01568', '2012.12877', '1811.01399', '1811.11721', '1901.08150', '1903.07293', '2001.01083', '2007.08442', '2103.04224', '2106.15984']","['2001.01568', '2012.12877', '1811.01399', '1811.11721', '1901.08150', '1903.07293', '2001.01083', '2007.08442', '2103.04224', '2106.15984']"
2014-11,100.0,100.0,"['2001.01568', '2012.12877', '1811.01399', '1811.11721', '1901.08150', '1903.07293', '2001.01083', '2007.08442', '2103.04224', '2106.15984']","['2001.01568', '2012.12877', '1811.01399', '1811.11721', '1901.08150', '1903.07293', '2001.01083', '2007.08442', '2103.04224', '2106.15984']","['2001.01568', '2012.12877', '1811.01399', '1811.11721', '1901.08150', '1903.07293', '2001.01083', '2007.08442', '2103.04224', '2106.15984']"
2014-12,100.0,100.0,"['2001.01568', '2012.12877', '1811.01399', '1811.11721', '1901.08150', '1903.07293', '2001.01083', '2007.08442', '2103.04224', '2106.15984']","['2001.01568', '2012.12877', '1811.01399', '1811.11721', '1901.08150', '1903.07293', '2001.01083', '2007.08442', '2103.04224', '2106.15984']","['2001.01568', '2012.12877', '1811.01399', '1811.11721', '1901.08150', '1903.07293', '2001.01083', '2007.08442', '2103.04224', '2106.15984']"
2015-01,100.0,90.0,"['2001.01568', '2012.12877', '1811.01399', '1811.11721', '1901.08150', '1903.07293', '2001.01083', '2007.08442', '2103.04224', '2106.15984']","['2001.01568', '2012.12877', '1811.01399', '1811.11721', '1901.08150', '1903.07293', '1904.10626', '2001.01083', '2007.08442', '2103.04224']","['2001.01568', '2012.12877', '1811.01399', '1811.11721', '1901.08150', '1903.07293', '2001.01083', '2007.08442', '2103.04224', '2106.15984']"
2015-02,100.0,100.0,"['2001.01568', '2012.12877', '1811.01399', '1811.11721', '1901.08150', '1903.07293', '1904.10626', '2001.01083', '2007.08442', '2103.04224']","['2001.01568', '2012.12877', '1811.01399', '1811.11721', '1901.08150', '1903.07293', '1904.10626', '2001.01083', '2007.08442', '2103.04224']","['2001.01568', '2012.12877', '1904.10626', '1811.01399', '1811.11721', '1901.08150', '1903.07293', '2001.01083', '2007.08442', '2103.04224']"
2015-03,90.0,100.0,"['2001.01568', '2012.12877', '1811.01399', '1811.11721', '1901.08150', '1903.07293', '1904.10626', '2001.01083', '2007.08442', '2103.04224']","['2001.01568', '2012.12877', '1811.01399', '1811.11721', '1901.08150', '1903.07293', '1904.10626', '2001.01083', '2007.08442', '2103.04224']","['2001.01568', '2012.12877', '1811.01399', '1811.11721', '1901.08150', '1903.07293', '2001.01083', '2007.08442', '2103.04224', '2106.15984']"
2015-04,100.0,100.0,"['2001.01568', '2012.12877', '1811.01399', '1811.11721', '1901.08150', '1903.07293', '1904.10626', '2001.01083', '2007.08442', '2103.04224']","['2001.01568', '2012.12877', '1811.01399', '1811.11721', '1901.08150', '1903.07293', '1904.10626', '2001.01083', '2007.08442', '2103.04224']","['2001.01568', '2012.12877', '1904.10626', '1811.01399', '1811.11721', '1901.08150', '1903.07293', '2001.01083', '2007.08442', '2103.04224']"
2015-05,90.0,100.0,"['2001.01568', '2012.12877', '1811.01399', '1811.11721', '1901.08150', '1903.07293', '1904.10626', '2001.01083', '2007.08442', '2103.04224']","['2001.01568', '2012.12877', '1811.01399', '1811.11721', '1901.08150', '1903.07293', '1904.10626', '2001.01083', '2007.08442', '2103.04224']","['2001.01568', '2012.12877', '1811.01399', '1811.11721', '1901.08150', '1903.07293', '2001.01083', '2007.08442', '2103.04224', '2106.15984']"
2015-06,100.0,100.0,"['2001.01568', '2012.12877', '1811.01399', '1811.11721', '1901.08150', '1903.07293', '1904.10626', '2001.01083', '2007.08442', '2103.04224']","['2001.01568', '2012.12877', '1811.01399', '1811.11721', '1901.08150', '1903.07293', '1904.10626', '2001.01083', '2007.08442', '2103.04224']","['2001.01568', '2012.12877', '1904.10626', '1811.01399', '1811.11721', '1901.08150', '1903.07293', '2001.01083', '2007.08442', '2103.04224']"
2015-07,100.0,100.0,"['2001.01568', '2012.12877', '1811.01399', '1811.11721', '1901.08150', '1903.07293', '1904.10626', '2001.01083', '2007.08442', '2103.04224']","['2001.01568', '2012.12877', '1811.01399', '1811.11721', '1901.08150', '1903.07293', '1904.10626', '2001.01083', '2007.08442', '2103.04224']","['2001.01568', '2012.12877', '1811.01399', '1811.11721', '1901.08150', '1903.07293', '1904.10626', '2001.01083', '2007.08442', '2103.04224']"
2015-08,100.0,100.0,"['2001.01568', '2012.12877', '1811.01399', '1811.11721', '1901.08150', '1903.07293', '1904.10626', '2001.01083', '2007.08442', '2103.04224']","['2001.01568', '2012.12877', '1811.01399', '1811.11721', '1901.08150', '1903.07293', '1904.10626', '2001.01083', '2007.08442', '2103.04224']","['2001.01568', '2012.12877', '1811.01399', '1811.11721', '1901.08150', '1903.07293', '1904.10626', '2001.01083', '2007.08442', '2103.04224']"
2015-09,100.0,100.0,"['2001.01568', '2012.12877', '1811.01399', '1811.11721', '1901.08150', '1903.07293', '1904.10626', '2001.01083', '2007.08442', '2103.04224']","['2001.01568', '2012.12877', '1811.01399', '1811.11721', '1901.08150', '1903.07293', '1904.10626', '2001.01083', '2007.08442', '2103.04224']","['2001.01568', '2012.12877', '1811.01399', '1811.11721', '1901.08150', '1903.07293', '1904.10626', '2001.01083', '2007.08442', '2103.04224']"
2015-10,100.0,100.0,"['2001.01568', '2012.12877', '1811.01399', '1811.11721', '1901.08150', '1903.07293', '1904.10626', '2001.01083', '2007.08442', '2103.04224']","['2001.01568', '2012.12877', '1811.01399', '1811.11721', '1901.08150', '1903.07293', '1904.10626', '2001.01083', '2007.08442', '2103.04224']","['2001.01568', '2012.12877', '1811.01399', '1811.11721', '1901.08150', '1903.07293', '1904.10626', '2001.01083', '2007.08442', '2103.04224']"
2015-11,100.0,100.0,"['2001.01568', '2012.12877', '1811.01399', '1811.11721', '1901.08150', '1903.07293', '1904.10626', '2001.01083', '2007.08442', '2103.04224']","['2001.01568', '2012.12877', '1811.01399', '1811.11721', '1901.08150', '1903.07293', '1904.10626', '2001.01083', '2007.08442', '2103.04224']","['2001.01568', '2012.12877', '1811.01399', '1811.11721', '1901.08150', '1903.07293', '1904.10626', '2001.01083', '2007.08442', '2103.04224']"
2015-12,100.0,100.0,"['2001.01568', '2012.12877', '1811.01399', '1811.11721', '1901.08150', '1903.07293', '1904.10626', '2001.01083', '2007.08442', '2103.04224']","['2001.01568', '2012.12877', '1811.01399', '1811.11721', '1901.08150', '1903.07293', '1904.10626', '2001.01083', '2007.08442', '2103.04224']","['2001.01568', '2012.12877', '1811.01399', '1811.11721', '1901.08150', '1903.07293', '1904.10626', '2001.01083', '2007.08442', '2103.04224']"
2016-01,100.0,100.0,"['2001.01568', '2012.12877', '1811.01399', '1811.11721', '1901.08150', '1903.07293', '1904.10626', '2001.01083', '2007.08442', '2103.04224']","['2001.01568', '2012.12877', '1811.01399', '1811.11721', '1901.08150', '1903.07293', '1904.10626', '2001.01083', '2007.08442', '2103.04224']","['2001.01568', '2012.12877', '1811.01399', '1811.11721', '1901.08150', '1903.07293', '1904.10626', '2001.01083', '2007.08442', '2103.04224']"
2016-02,100.0,100.0,"['2001.01568', '2012.12877', '1811.01399', '1811.11721', '1901.08150', '1903.07293', '1904.10626', '2001.01083', '2007.08442', '2103.04224']","['2001.01568', '2012.12877', '1811.01399', '1811.11721', '1901.08150', '1903.07293', '1904.10626', '2001.01083', '2007.08442', '2103.04224']","['2001.01568', '2012.12877', '1811.01399', '1811.11721', '1901.08150', '1903.07293', '1904.10626', '2001.01083', '2007.08442', '2103.04224']"
2016-03,100.0,100.0,"['2001.01568', '2012.12877', '1811.01399', '1811.11721', '1901.08150', '1903.07293', '1904.10626', '2001.01083', '2007.08442', '2103.04224']","['2001.01568', '2012.12877', '1811.01399', '1811.11721', '1901.08150', '1903.07293', '1904.10626', '2001.01083', '2007.08442', '2103.04224']","['2001.01568', '2012.12877', '1811.01399', '1811.11721', '1901.08150', '1903.07293', '1904.10626', '2001.01083', '2007.08442', '2103.04224']"
2016-04,100.0,100.0,"['2001.01568', '2012.12877', '1811.01399', '1811.11721', '1901.08150', '1903.07293', '1904.10626', '2001.01083', '2007.08442', '2103.04224']","['2001.01568', '2012.12877', '1811.01399', '1811.11721', '1901.08150', '1903.07293', '1904.10626', '2001.01083', '2007.08442', '2103.04224']","['2001.01568', '2012.12877', '1811.01399', '1811.11721', '1901.08150', '1903.07293', '1904.10626', '2001.01083', '2007.08442', '2103.04224']"
2016-05,100.0,100.0,"['2001.01568', '2012.12877', '1811.01399', '1811.11721', '1901.08150', '1903.07293', '1904.10626', '2001.01083', '2007.08442', '2103.04224']","['2001.01568', '2012.12877', '1811.01399', '1811.11721', '1901.08150', '1903.07293', '1904.10626', '2001.01083', '2007.08442', '2103.04224']","['2001.01568', '2012.12877', '1811.01399', '1811.11721', '1901.08150', '1903.07293', '1904.10626', '2001.01083', '2007.08442', '2103.04224']"
2016-06,100.0,100.0,"['2001.01568', '2012.12877', '1811.01399', '1811.11721', '1901.08150', '1903.07293', '1904.10626', '2001.01083', '2007.08442', '2103.04224']","['2001.01568', '2012.12877', '1811.01399', '1811.11721', '1901.08150', '1903.07293', '1904.10626', '2001.01083', '2007.08442', '2103.04224']","['2001.01568', '2012.12877', '1811.01399', '1811.11721', '1901.08150', '1903.07293', '1904.10626', '2001.01083', '2007.08442', '2103.04224']"
2016-07,100.0,100.0,"['2001.01568', '2012.12877', '1811.01399', '1811.11721', '1901.08150', '1903.07293', '1904.10626', '2001.01083', '2007.08442', '2103.04224']","['2001.01568', '2012.12877', '1811.01399', '1811.11721', '1901.08150', '1903.07293', '1904.10626', '2001.01083', '2007.08442', '2103.04224']","['2001.01568', '2012.12877', '1811.01399', '1811.11721', '1901.08150', '1903.07293', '1904.10626', '2001.01083', '2007.08442', '2103.04224']"
2016-08,100.0,100.0,"['2001.01568', '2012.12877', '1811.01399', '1811.11721', '1901.08150', '1903.07293', '1904.10626', '2001.01083', '2007.08442', '2103.04224']","['2001.01568', '2012.12877', '1811.01399', '1811.11721', '1901.08150', '1903.07293', '1904.10626', '2001.01083', '2007.08442', '2103.04224']","['2001.01568', '2012.12877', '1811.01399', '1811.11721', '1901.08150', '1903.07293', '1904.10626', '2001.01083', '2007.08442', '2103.04224']"
2016-09,100.0,100.0,"['2001.01568', '2012.12877', '1811.01399', '1811.11721', '1901.08150', '1903.07293', '1904.10626', '2001.01083', '2007.08442', '2103.04224']","['2001.01568', '2012.12877', '1811.01399', '1811.11721', '1901.08150', '1903.07293', '1904.10626', '2001.01083', '2007.08442', '2103.04224']","['2001.01568', '2012.12877', '1811.01399', '1811.11721', '1901.08150', '1903.07293', '1904.10626', '2001.01083', '2007.08442', '2103.04224']"
2016-10,100.0,100.0,"['2001.01568', '2012.12877', '1811.01399', '1811.11721', '1901.08150', '1903.07293', '1904.10626', '2001.01083', '2007.08442', '2103.04224']","['2001.01568', '2012.12877', '1811.01399', '1811.11721', '1901.08150', '1903.07293', '1904.10626', '2001.01083', '2007.08442', '2103.04224']","['2001.01568', '2012.12877', '1811.01399', '1811.11721', '1901.08150', '1903.07293', '1904.10626', '2001.01083', '2007.08442', '2103.04224']"
2016-11,100.0,100.0,"['2001.01568', '2012.12877', '1811.01399', '1811.11721', '1901.08150', '1903.07293', '1904.10626', '2001.01083', '2007.08442', '2103.04224']","['2001.01568', '2012.12877', '1811.01399', '1811.11721', '1901.08150', '1903.07293', '1904.10626', '2001.01083', '2007.08442', '2103.04224']","['2001.01568', '2012.12877', '1811.01399', '1811.11721', '1901.08150', '1903.07293', '1904.10626', '2001.01083', '2007.08442', '2103.04224']"
2016-12,100.0,100.0,"['2001.01568', '2012.12877', '1811.01399', '1811.11721', '1901.08150', '1903.07293', '1904.10626', '2001.01083', '2007.08442', '2103.04224']","['2001.01568', '2012.12877', '1811.01399', '1811.11721', '1901.08150', '1903.07293', '1904.10626', '2001.01083', '2007.08442', '2103.04224']","['2001.01568', '2012.12877', '1811.01399', '1811.11721', '1901.08150', '1903.07293', '1904.10626', '2001.01083', '2007.08442', '2103.04224']"
2017-01,100.0,100.0,"['2001.01568', '2012.12877', '1811.01399', '1811.11721', '1901.08150', '1903.07293', '1904.10626', '2001.01083', '2007.08442', '2103.04224']","['2001.01568', '2012.12877', '1811.01399', '1811.11721', '1901.08150', '1903.07293', '1904.10626', '2001.01083', '2007.08442', '2103.04224']","['2001.01568', '2012.12877', '1811.01399', '1811.11721', '1901.08150', '1903.07293', '1904.10626', '2001.01083', '2007.08442', '2103.04224']"
2017-02,100.0,90.0,"['2001.01568', '2012.12877', '1811.01399', '1811.11721', '1901.08150', '1903.07293', '1904.10626', '2001.01083', '2007.08442', '2103.04224']","['2001.01568', '2012.12877', '1609.04741', '1811.01399', '1811.11721', '1901.08150', '1903.07293', '1904.10626', '2001.01083', '2007.08442']","['2001.01568', '2012.12877', '1811.01399', '1811.11721', '1901.08150', '1903.07293', '1904.10626', '2001.01083', '2007.08442', '2103.04224']"
2017-03,100.0,100.0,"['2001.01568', '2012.12877', '1609.04741', '1811.01399', '1811.11721', '1901.08150', '1903.07293', '1904.10626', '2001.01083', '2007.08442']","['2001.01568', '2012.12877', '1609.04741', '1811.01399', '1811.11721', '1901.08150', '1903.07293', '1904.10626', '2001.01083', '2007.08442']","['2001.01568', '2012.12877', '1609.04741', '1811.01399', '1811.11721', '1901.08150', '1903.07293', '1904.10626', '2001.01083', '2007.08442']"
2017-04,90.0,100.0,"['2001.01568', '2012.12877', '1609.04741', '1811.01399', '1811.11721', '1901.08150', '1903.07293', '1904.10626', '2001.01083', '2007.08442']","['2001.01568', '2012.12877', '1609.04741', '1811.01399', '1811.11721', '1901.08150', '1903.07293', '1904.10626', '2001.01083', '2007.08442']","['2001.01568', '2012.12877', '1811.01399', '1811.11721', '1901.08150', '1903.07293', '1904.10626', '2001.01083', '2007.08442', '2103.04224']"
2017-05,100.0,100.0,"['2001.01568', '2012.12877', '1609.04741', '1811.01399', '1811.11721', '1901.08150', '1903.07293', '1904.10626', '2001.01083', '2007.08442']","['2001.01568', '2012.12877', '1609.04741', '1811.01399', '1811.11721', '1901.08150', '1903.07293', '1904.10626', '2001.01083', '2007.08442']","['2001.01568', '2012.12877', '1609.04741', '1811.01399', '1811.11721', '1901.08150', '1903.07293', '1904.10626', '2001.01083', '2007.08442']"
2017-06,90.0,90.0,"['2001.01568', '2012.12877', '1609.04741', '1811.01399', '1811.11721', '1901.08150', '1903.07293', '1904.10626', '2001.01083', '2007.08442']","['2001.01568', '2012.12877', '1609.04741', '1711.06149', '1811.01399', '1811.11721', '1901.08150', '1903.07293', '1904.10626', '2001.01083']","['2001.01568', '2012.12877', '1811.01399', '1811.11721', '1901.08150', '1903.07293', '1904.10626', '2001.01083', '2007.08442', '2103.04224']"
2017-07,90.0,100.0,"['2001.01568', '2012.12877', '1609.04741', '1711.06149', '1811.01399', '1811.11721', '1901.08150', '1903.07293', '1904.10626', '2001.01083']","['2001.01568', '2012.12877', '1609.04741', '1711.06149', '1811.01399', '1811.11721', '1901.08150', '1903.07293', '1904.10626', '2001.01083']","['2001.01568', '2012.12877', '1711.06149', '2202.13110', '1609.04741', '1811.01399', '1811.11721', '1901.08150', '1903.07293', '1904.10626']"
2017-08,90.0,100.0,"['2001.01568', '2012.12877', '1609.04741', '1711.06149', '1811.01399', '1811.11721', '1901.08150', '1903.07293', '1904.10626', '2001.01083']","['2001.01568', '2012.12877', '1609.04741', '1711.06149', '1811.01399', '1811.11721', '1901.08150', '1903.07293', '1904.10626', '2001.01083']","['2001.01568', '2012.12877', '2103.15439', '1609.04741', '1811.01399', '1811.11721', '1901.08150', '1903.07293', '1904.10626', '2001.01083']"
2017-09,80.0,100.0,"['2001.01568', '2012.12877', '1609.04741', '1711.06149', '1811.01399', '1811.11721', '1901.08150', '1903.07293', '1904.10626', '2001.01083']","['2001.01568', '2012.12877', '1609.04741', '1711.06149', '1811.01399', '1811.11721', '1901.08150', '1903.07293', '1904.10626', '2001.01083']","['2001.01568', '2012.12877', '2006.11392', '1711.06149', '2202.13110', '1609.04741', '1811.01399', '1811.11721', '1901.08150', '1903.07293']"
2017-10,90.0,100.0,"['2001.01568', '2012.12877', '1609.04741', '1711.06149', '1811.01399', '1811.11721', '1901.08150', '1903.07293', '1904.10626', '2001.01083']","['1609.04741', '2001.01568', '2012.12877', '1711.06149', '1811.01399', '1811.11721', '1901.08150', '1903.07293', '1904.10626', '2001.01083']","['2001.01568', '2012.12877', '2103.15439', '1609.04741', '1811.01399', '1811.11721', '1901.08150', '1903.07293', '1904.10626', '2001.01083']"
2017-11,80.0,100.0,"['1609.04741', '2001.01568', '2012.12877', '1711.06149', '1811.01399', '1811.11721', '1901.08150', '1903.07293', '1904.10626', '2001.01083']","['1609.04741', '2001.01568', '2012.12877', '1711.06149', '1811.01399', '1811.11721', '1901.08150', '1903.07293', '1904.10626', '2001.01083']","['1609.04741', '2001.01568', '2012.12877', '2006.11392', '1711.06149', '2202.13110', '1811.01399', '1811.11721', '1901.08150', '1903.07293']"
2017-12,90.0,90.0,"['1609.04741', '2001.01568', '2012.12877', '1711.06149', '1811.01399', '1811.11721', '1901.08150', '1903.07293', '1904.10626', '2001.01083']","['1609.04741', '2001.01568', '2012.12877', '1711.06149', '1803.00197', '1811.01399', '1811.11721', '1901.08150', '1903.07293', '1904.10626']","['1609.04741', '2001.01568', '2012.12877', '2103.15439', '1711.06149', '1811.01399', '1811.11721', '1901.08150', '1903.07293', '1904.10626']"
2018-01,80.0,100.0,"['1609.04741', '2001.01568', '2012.12877', '1711.06149', '1803.00197', '1811.01399', '1811.11721', '1901.08150', '1903.07293', '1904.10626']","['1609.04741', '2001.01568', '2012.12877', '1711.06149', '1803.00197', '1811.01399', '1811.11721', '1901.08150', '1903.07293', '1904.10626']","['1609.04741', '2001.01568', '2012.12877', '1803.00197', '2012.03868', '2006.11392', '1711.06149', '1811.01399', '1811.11721', '1901.08150']"
2018-02,90.0,100.0,"['1609.04741', '2001.01568', '2012.12877', '1711.06149', '1803.00197', '1811.01399', '1811.11721', '1901.08150', '1903.07293', '1904.10626']","['1609.04741', '1711.06149', '2001.01568', '2012.12877', '1803.00197', '1811.01399', '1811.11721', '1901.08150', '1903.07293', '1904.10626']","['1609.04741', '2001.01568', '2012.12877', '1711.06149', '1811.01399', '1811.11721', '1901.08150', '1903.07293', '1904.10626', '2001.01083']"
2018-03,80.0,100.0,"['1609.04741', '1711.06149', '2001.01568', '2012.12877', '1803.00197', '1811.01399', '1811.11721', '1901.08150', '1903.07293', '1904.10626']","['1609.04741', '1711.06149', '2001.01568', '2012.12877', '1803.00197', '1811.01399', '1811.11721', '1901.08150', '1903.07293', '1904.10626']","['1609.04741', '1711.06149', '2001.01568', '2012.12877', '2012.12314', '1803.00197', '2012.03868', '1811.01399', '1811.11721', '1901.08150']"
2018-04,90.0,90.0,"['1609.04741', '1711.06149', '2001.01568', '2012.12877', '1803.00197', '1811.01399', '1811.11721', '1901.08150', '1903.07293', '1904.10626']","['1609.04741', '1711.06149', '1903.07293', '2001.01568', '2012.12877', '1803.00197', '1811.01399', '1811.04129', '1811.11721', '1901.08150']","['1609.04741', '2001.01568', '2012.12877', '1711.06149', '1811.01399', '1811.11721', '1901.08150', '1903.07293', '1904.10626', '2001.01083']"
2018-05,60.0,90.0,"['1609.04741', '1711.06149', '1903.07293', '2001.01568', '2012.12877', '1803.00197', '1811.01399', '1811.04129', '1811.11721', '1901.08150']","['1609.04741', '1711.06149', '1903.07293', '2001.01568', '2012.12877', '1802.04944', '1803.00197', '1811.01399', '1811.04129', '1811.11721']","['1609.04741', '1903.07293', '1711.06149', '2001.01568', '2012.12877', '1811.04129', '2006.13257', '2010.12621', '2011.00802', '2012.12314']"
2018-06,80.0,90.0,"['1609.04741', '1711.06149', '1903.07293', '2001.01568', '2012.12877', '1802.04944', '1803.00197', '1811.01399', '1811.04129', '1811.11721']","['1609.04741', '1711.06149', '1903.07293', '2001.01568', '2012.12877', '1703.07738', '1802.04944', '1803.00197', '1811.01399', '1811.04129']","['1609.04741', '2001.01568', '2012.12877', '1711.06149', '1903.07293', '1802.04944', '2006.04768', '2009.14794', '1803.00197', '1811.01399']"
2018-07,70.0,80.0,"['1609.04741', '1711.06149', '1903.07293', '2001.01568', '2012.12877', '1703.07738', '1802.04944', '1803.00197', '1811.01399', '1811.04129']","['1609.04741', '1803.00197', '1711.06149', '1802.04944', '1811.04129', '1903.07293', '2001.01568', '2010.06396', '2010.07891', '2012.12877']","['1609.04741', '1903.07293', '1711.06149', '2001.01568', '2012.12877', '1703.07738', '2008.05977', '1811.04129', '2006.13257', '2010.12621']"
2018-08,100.0,100.0,"['1609.04741', '1803.00197', '1711.06149', '1802.04944', '1811.04129', '1903.07293', '2001.01568', '2010.06396', '2010.07891', '2012.12877']","['1609.04741', '1803.00197', '1811.04129', '1711.06149', '1802.04944', '1903.07293', '2001.01568', '2010.06396', '2010.07891', '2012.12877']","['1609.04741', '1803.00197', '2010.06396', '2010.07891', '1802.04944', '1811.04129', '2001.01568', '2012.12877', '1711.06149', '1903.07293']"
2018-09,100.0,80.0,"['1609.04741', '1803.00197', '1811.04129', '1711.06149', '1802.04944', '1903.07293', '2001.01568', '2010.06396', '2010.07891', '2012.12877']","['1609.04741', '1803.00197', '1802.04944', '1811.04129', '1703.07738', '1711.06149', '1811.11721', '1903.07293', '2001.01568', '2010.06396']","['1609.04741', '1803.00197', '1811.04129', '1903.07293', '1711.06149', '2001.01568', '2012.12877', '1802.04944', '2010.06396', '2010.07891']"
2018-10,90.0,80.0,"['1609.04741', '1803.00197', '1802.04944', '1811.04129', '1703.07738', '1711.06149', '1811.11721', '1903.07293', '2001.01568', '2010.06396']","['1609.04741', '1803.00197', '1710.08969', '1802.04944', '1811.04129', '1811.11721', '1903.07293', '1703.07738', '1711.06149', '1807.06736']","['1609.04741', '1803.00197', '1802.04944', '1811.04129', '1811.11721', '1703.07738', '2010.06396', '2010.07891', '1711.06149', '2001.01568']"
2018-11,90.0,90.0,"['1609.04741', '1803.00197', '1710.08969', '1802.04944', '1811.04129', '1811.11721', '1903.07293', '1703.07738', '1711.06149', '1807.06736']","['1609.04741', '1710.08969', '1803.00197', '1811.04129', '1811.11721', '1802.04944', '1903.07293', '2012.12877', '1703.07738', '1711.06149']","['1609.04741', '1803.00197', '1710.08969', '1903.07293', '1811.11721', '1811.04129', '1802.04944', '1807.06736', '2008.05977', '1711.06149']"
2018-12,90.0,100.0,"['1609.04741', '1710.08969', '1803.00197', '1811.04129', '1811.11721', '1802.04944', '1903.07293', '2012.12877', '1703.07738', '1711.06149']","['1609.04741', '1710.08969', '1803.00197', '1811.11721', '1903.07293', '1811.04129', '1802.04944', '1711.06149', '2012.12877', '1703.07738']","['1609.04741', '1710.08969', '1803.00197', '1811.04129', '1811.11721', '1802.04944', '2012.12877', '1903.07293', '1703.07738', '2010.06396']"
2019-01,90.0,100.0,"['1609.04741', '1710.08969', '1803.00197', '1811.11721', '1903.07293', '1811.04129', '1802.04944', '1711.06149', '2012.12877', '1703.07738']","['1609.04741', '1710.08969', '1903.07293', '1811.11721', '1803.00197', '1811.04129', '1711.06149', '1802.04944', '2012.12877', '1703.07738']","['1609.04741', '1710.08969', '1903.07293', '1811.11721', '1803.00197', '1811.04129', '1802.04944', '1711.06149', '2012.12877', '1811.01399']"
2019-02,100.0,80.0,"['1609.04741', '1710.08969', '1903.07293', '1811.11721', '1803.00197', '1811.04129', '1711.06149', '1802.04944', '2012.12877', '1703.07738']","['1609.04741', '1710.08969', '1903.07293', '1803.00197', '1811.11721', '1711.06149', '1802.04944', '1811.04129', '1810.10845', '1811.01399']","['1710.08969', '1609.04741', '1903.07293', '1811.11721', '1803.00197', '1811.04129', '1711.06149', '1802.04944', '2012.12877', '1703.07738']"
2019-03,90.0,90.0,"['1609.04741', '1710.08969', '1903.07293', '1803.00197', '1811.11721', '1711.06149', '1802.04944', '1811.04129', '1810.10845', '1811.01399']","['1710.08969', '1609.04741', '1811.11721', '1903.07293', '1803.00197', '1802.04944', '1711.06149', '1811.04129', '2008.05977', '1810.10845']","['1609.04741', '1710.08969', '1903.07293', '1803.00197', '1811.11721', '1802.04944', '1711.06149', '1811.04129', '2206.01923', '1810.10845']"
2019-04,90.0,100.0,"['1710.08969', '1609.04741', '1811.11721', '1903.07293', '1803.00197', '1802.04944', '1711.06149', '1811.04129', '2008.05977', '1810.10845']","['1710.08969', '1609.04741', '1811.11721', '1903.07293', '1803.00197', '1811.04129', '1802.04944', '1711.06149', '2008.05977', '1810.10845']","['1710.08969', '1609.04741', '1811.11721', '1903.07293', '1803.00197', '1802.04944', '1811.04129', '1711.06149', '2008.05977', '2012.12877']"
2019-05,90.0,90.0,"['1710.08969', '1609.04741', '1811.11721', '1903.07293', '1803.00197', '1811.04129', '1802.04944', '1711.06149', '2008.05977', '1810.10845']","['1710.08969', '1609.04741', '1811.11721', '1903.07293', '1811.04129', '1802.04944', '1803.00197', '1711.06149', '1808.10024', '2008.05977']","['1710.08969', '1811.11721', '1609.04741', '1903.07293', '1811.04129', '1803.00197', '1802.04944', '2008.05977', '1711.06149', '1811.01328']"
2019-06,100.0,100.0,"['1710.08969', '1609.04741', '1811.11721', '1903.07293', '1811.04129', '1802.04944', '1803.00197', '1711.06149', '1808.10024', '2008.05977']","['1710.08969', '1609.04741', '1811.11721', '1903.07293', '1802.04944', '1811.04129', '2008.05977', '1711.06149', '1803.00197', '1808.10024']","['1710.08969', '1609.04741', '1811.11721', '1903.07293', '1811.04129', '1802.04944', '1803.00197', '1711.06149', '1808.10024', '2008.05977']"
2019-07,90.0,90.0,"['1710.08969', '1609.04741', '1811.11721', '1903.07293', '1802.04944', '1811.04129', '2008.05977', '1711.06149', '1803.00197', '1808.10024']","['1710.08969', '1811.11721', '1609.04741', '1903.07293', '1802.04944', '2008.05977', '1904.02874', '1811.04129', '1711.06149', '1803.00197']","['1710.08969', '1811.11721', '1609.04741', '1903.07293', '1802.04944', '2008.05977', '1904.02874', '1811.04129', '1808.10024', '1711.06149']"
2019-08,90.0,90.0,"['1710.08969', '1811.11721', '1609.04741', '1903.07293', '1802.04944', '2008.05977', '1904.02874', '1811.04129', '1711.06149', '1803.00197']","['1710.08969', '1811.11721', '1609.04741', '1903.07293', '1802.04944', '1811.04129', '1904.02874', '2008.05977', '1711.06149', '1808.10024']","['1710.08969', '1811.11721', '1609.04741', '1903.07293', '1802.04944', '2008.05977', '1904.02874', '1811.04129', '1803.00197', '2206.01923']"
2019-09,100.0,90.0,"['1710.08969', '1811.11721', '1609.04741', '1903.07293', '1802.04944', '1811.04129', '1904.02874', '2008.05977', '1711.06149', '1808.10024']","['1710.08969', '1811.11721', '1903.07293', '1802.04944', '1609.04741', '1811.04129', '1904.02874', '1807.06736', '2008.05977', '1711.06149']","['1710.08969', '1811.11721', '1903.07293', '1609.04741', '1802.04944', '1811.04129', '1904.02874', '2008.05977', '1808.10024', '1711.06149']"
2019-10,90.0,90.0,"['1710.08969', '1811.11721', '1903.07293', '1802.04944', '1609.04741', '1811.04129', '1904.02874', '1807.06736', '2008.05977', '1711.06149']","['1710.08969', '1811.11721', '1903.07293', '1609.04741', '1802.04944', '1807.06736', '1811.04129', '1904.02874', '2008.05977', '1901.08150']","['1710.08969', '1811.11721', '1903.07293', '1802.04944', '1807.06736', '1609.04741', '1811.04129', '1904.02874', '2008.05977', '1803.00197']"
2019-11,100.0,100.0,"['1710.08969', '1811.11721', '1903.07293', '1609.04741', '1802.04944', '1807.06736', '1811.04129', '1904.02874', '2008.05977', '1901.08150']","['1710.08969', '1811.11721', '1903.07293', '1609.04741', '1802.04944', '1807.06736', '1811.04129', '1904.02874', '2008.05977', '1901.08150']","['1710.08969', '1811.11721', '1903.07293', '1609.04741', '1802.04944', '1807.06736', '1811.04129', '1904.02874', '2008.05977', '1901.08150']"
2019-12,100.0,100.0,"['1710.08969', '1811.11721', '1903.07293', '1609.04741', '1802.04944', '1807.06736', '1811.04129', '1904.02874', '2008.05977', '1901.08150']","['1710.08969', '1811.11721', '1903.07293', '1609.04741', '1802.04944', '1807.06736', '1811.04129', '1904.02874', '2008.05977', '1901.08150']","['1710.08969', '1811.11721', '1903.07293', '1609.04741', '1802.04944', '1811.04129', '1807.06736', '1904.02874', '1901.08150', '2008.05977']"
2020-01,100.0,100.0,"['1710.08969', '1811.11721', '1903.07293', '1609.04741', '1802.04944', '1807.06736', '1811.04129', '1904.02874', '2008.05977', '1901.08150']","['1811.11721', '1710.08969', '1903.07293', '1609.04741', '1802.04944', '1811.04129', '1807.06736', '1904.02874', '2008.05977', '1901.08150']","['1710.08969', '1811.11721', '1903.07293', '1609.04741', '1802.04944', '1807.06736', '1811.04129', '1904.02874', '2008.05977', '1901.08150']"
2020-02,90.0,90.0,"['1811.11721', '1710.08969', '1903.07293', '1609.04741', '1802.04944', '1811.04129', '1807.06736', '1904.02874', '2008.05977', '1901.08150']","['1811.11721', '1710.08969', '1903.07293', '1609.04741', '1802.04944', '1811.04129', '1904.02874', '1807.06736', '2001.06810', '2008.05977']","['1811.11721', '1710.08969', '1903.07293', '1609.04741', '1811.04129', '1802.04944', '1807.06736', '1904.02874', '2001.06810', '2008.05977']"
2020-03,100.0,90.0,"['1811.11721', '1710.08969', '1903.07293', '1609.04741', '1802.04944', '1811.04129', '1904.02874', '1807.06736', '2001.06810', '2008.05977']","['1811.11721', '1903.07293', '1710.08969', '1609.04741', '1802.04944', '1811.04129', '1904.07396', '2001.06810', '1904.02874', '1807.06736']","['1811.11721', '1710.08969', '1903.07293', '1609.04741', '1802.04944', '1811.04129', '1904.02874', '1807.06736', '2001.06810', '2008.05977']"
2020-04,90.0,100.0,"['1811.11721', '1903.07293', '1710.08969', '1609.04741', '1802.04944', '1811.04129', '1904.07396', '2001.06810', '1904.02874', '1807.06736']","['1811.11721', '1903.07293', '1710.08969', '2001.06810', '1609.04741', '1904.02874', '1904.07396', '1802.04944', '1811.04129', '1807.06736']","['1811.11721', '1903.07293', '1710.08969', '1609.04741', '1904.07396', '2001.06810', '1802.04944', '1811.04129', '1904.02874', '1901.08150']"
2020-05,90.0,100.0,"['1811.11721', '1903.07293', '1710.08969', '2001.06810', '1609.04741', '1904.02874', '1904.07396', '1802.04944', '1811.04129', '1807.06736']","['1811.11721', '1903.07293', '1710.08969', '1904.02874', '2001.06810', '1904.07396', '1609.04741', '1802.04944', '1811.04129', '1807.06736']","['1811.11721', '1903.07293', '1710.08969', '2001.06810', '1904.02874', '1904.07396', '1609.04741', '1811.04129', '1802.04944', '1907.10830']"
2020-06,100.0,90.0,"['1811.11721', '1903.07293', '1710.08969', '1904.02874', '2001.06810', '1904.07396', '1609.04741', '1802.04944', '1811.04129', '1807.06736']","['1811.11721', '1903.07293', '1710.08969', '2001.06810', '1904.07396', '1904.02874', '1811.04129', '1609.04741', '1802.04944', '1907.10830']","['1811.11721', '1903.07293', '1710.08969', '1904.02874', '2001.06810', '1904.07396', '1609.04741', '1802.04944', '1811.04129', '1807.06736']"
2020-07,100.0,100.0,"['1811.11721', '1903.07293', '1710.08969', '2001.06810', '1904.07396', '1904.02874', '1811.04129', '1609.04741', '1802.04944', '1907.10830']","['1811.11721', '1903.07293', '1710.08969', '2001.06810', '1904.07396', '1904.02874', '1811.04129', '1802.04944', '1609.04741', '1907.10830']","['1811.11721', '1903.07293', '1710.08969', '2001.06810', '1904.07396', '1904.02874', '1811.04129', '1609.04741', '1907.10830', '1802.04944']"
2020-08,100.0,90.0,"['1811.11721', '1903.07293', '1710.08969', '2001.06810', '1904.07396', '1904.02874', '1811.04129', '1802.04944', '1609.04741', '1907.10830']","['1811.11721', '1903.07293', '1710.08969', '2001.06810', '1904.07396', '1904.02874', '1907.10830', '1811.04129', '1609.04741', '2004.08955']","['1811.11721', '1903.07293', '1710.08969', '2001.06810', '1904.07396', '1904.02874', '1811.04129', '1802.04944', '1609.04741', '1907.10830']"
2020-09,100.0,90.0,"['1811.11721', '1903.07293', '1710.08969', '2001.06810', '1904.07396', '1904.02874', '1907.10830', '1811.04129', '1609.04741', '2004.08955']","['1811.11721', '1903.07293', '2001.06810', '1710.08969', '1904.07396', '1904.02874', '2004.08955', '1907.10830', '1910.03151', '1811.04129']","['1811.11721', '1903.07293', '1710.08969', '2001.06810', '1904.07396', '1904.02874', '1907.10830', '1811.04129', '1609.04741', '2004.08955']"
2020-10,100.0,100.0,"['1811.11721', '1903.07293', '2001.06810', '1710.08969', '1904.07396', '1904.02874', '2004.08955', '1907.10830', '1910.03151', '1811.04129']","['1811.11721', '1903.07293', '2001.06810', '1710.08969', '2004.08955', '1904.07396', '1904.02874', '1907.10830', '1910.03151', '1811.04129']","['1811.11721', '1903.07293', '2001.06810', '1710.08969', '1904.07396', '2004.08955', '1904.02874', '1907.10830', '1910.03151', '1811.04129']"
2020-11,100.0,100.0,"['1811.11721', '1903.07293', '2001.06810', '1710.08969', '2004.08955', '1904.07396', '1904.02874', '1907.10830', '1910.03151', '1811.04129']","['1811.11721', '1903.07293', '2001.06810', '1710.08969', '2004.08955', '1904.02874', '1904.07396', '1910.03151', '1907.10830', '1811.04129']","['1811.11721', '1903.07293', '2001.06810', '1710.08969', '2004.08955', '1907.10830', '1904.02874', '1904.07396', '1910.03151', '1811.04129']"
2020-12,100.0,90.0,"['1811.11721', '1903.07293', '2001.06810', '1710.08969', '2004.08955', '1904.02874', '1904.07396', '1910.03151', '1907.10830', '1811.04129']","['1811.11721', '1903.07293', '2001.06810', '2004.08955', '1710.08969', '1910.03151', '1904.02874', '1904.07396', '1907.10830', '2005.02690']","['1811.11721', '1903.07293', '2001.06810', '1710.08969', '2004.08955', '1904.07396', '1904.02874', '1910.03151', '1907.10830', '1811.04129']"
2021-01,100.0,100.0,"['1811.11721', '1903.07293', '2001.06810', '2004.08955', '1710.08969', '1910.03151', '1904.02874', '1904.07396', '1907.10830', '2005.02690']","['1811.11721', '1903.07293', '2001.06810', '2004.08955', '1710.08969', '1910.03151', '1904.02874', '1904.07396', '1907.10830', '2005.02690']","['1811.11721', '1903.07293', '2001.06810', '2004.08955', '1710.08969', '1910.03151', '1904.02874', '1907.10830', '1904.07396', '2005.02690']"
2021-02,100.0,100.0,"['1811.11721', '1903.07293', '2001.06810', '2004.08955', '1710.08969', '1910.03151', '1904.02874', '1904.07396', '1907.10830', '2005.02690']","['1811.11721', '1903.07293', '2001.06810', '2004.08955', '1710.08969', '1910.03151', '1904.02874', '1904.07396', '1907.10830', '2005.02690']","['1811.11721', '1903.07293', '2001.06810', '2004.08955', '1710.08969', '1910.03151', '1904.07396', '1904.02874', '1907.10830', '2005.02690']"
2021-03,100.0,90.0,"['1811.11721', '1903.07293', '2001.06810', '2004.08955', '1710.08969', '1910.03151', '1904.02874', '1904.07396', '1907.10830', '2005.02690']","['1811.11721', '1903.07293', '2004.08955', '2001.06810', '1910.03151', '1710.08969', '1904.02874', '1904.07396', '1907.10830', '2006.04768']","['1811.11721', '1903.07293', '2001.06810', '2004.08955', '1710.08969', '1910.03151', '1904.02874', '1904.07396', '1907.10830', '2005.02690']"
2021-04,90.0,80.0,"['1811.11721', '1903.07293', '2004.08955', '2001.06810', '1910.03151', '1710.08969', '1904.02874', '1904.07396', '1907.10830', '2006.04768']","['1811.11721', '1903.07293', '2004.08955', '2001.06810', '1910.03151', '1710.08969', '2012.12877', '1904.02874', '2006.04768', '2005.02690']","['1811.11721', '1903.07293', '2004.08955', '2001.06810', '1910.03151', '1710.08969', '1904.02874', '2012.12877', '2006.04768', '1904.07396']"
2021-05,100.0,100.0,"['1811.11721', '1903.07293', '2004.08955', '2001.06810', '1910.03151', '1710.08969', '2012.12877', '1904.02874', '2006.04768', '2005.02690']","['1811.11721', '1903.07293', '2004.08955', '2001.06810', '1910.03151', '2012.12877', '1710.08969', '2006.04768', '1904.02874', '2005.02690']","['1811.11721', '1903.07293', '2004.08955', '2001.06810', '1910.03151', '1710.08969', '2012.12877', '1904.02874', '2005.02690', '2006.04768']"
2021-06,90.0,90.0,"['1811.11721', '1903.07293', '2004.08955', '2001.06810', '1910.03151', '2012.12877', '1710.08969', '2006.04768', '1904.02874', '2005.02690']","['1811.11721', '1903.07293', '2012.12877', '2004.08955', '2001.06810', '1910.03151', '2006.04768', '1710.08969', '2009.14794', '1904.02874']","['1811.11721', '1903.07293', '2004.08955', '2001.06810', '2012.12877', '1910.03151', '1710.08969', '2006.04768', '1904.02874', '2009.14794']"
2021-07,100.0,100.0,"['1811.11721', '1903.07293', '2012.12877', '2004.08955', '2001.06810', '1910.03151', '2006.04768', '1710.08969', '2009.14794', '1904.02874']","['1811.11721', '1903.07293', '2012.12877', '2004.08955', '1910.03151', '2001.06810', '2006.04768', '2009.14794', '1710.08969', '1904.02874']","['1811.11721', '1903.07293', '2012.12877', '2004.08955', '1910.03151', '2001.06810', '2006.04768', '1710.08969', '2009.14794', '1904.02874']"
2021-08,100.0,100.0,"['1811.11721', '1903.07293', '2012.12877', '2004.08955', '1910.03151', '2001.06810', '2006.04768', '2009.14794', '1710.08969', '1904.02874']","['1811.11721', '1903.07293', '2012.12877', '2004.08955', '1910.03151', '2001.06810', '2006.04768', '2009.14794', '1710.08969', '1904.02874']","['1811.11721', '1903.07293', '2012.12877', '2004.08955', '1910.03151', '2001.06810', '2006.04768', '2009.14794', '1710.08969', '1904.02874']"
2021-09,100.0,90.0,"['1811.11721', '1903.07293', '2012.12877', '2004.08955', '1910.03151', '2001.06810', '2006.04768', '2009.14794', '1710.08969', '1904.02874']","['1811.11721', '1903.07293', '2012.12877', '2004.08955', '1910.03151', '2001.06810', '2006.04768', '2009.14794', '1710.08969', '2006.03654']","['1811.11721', '1903.07293', '2012.12877', '2004.08955', '1910.03151', '2001.06810', '2006.04768', '2009.14794', '1710.08969', '1904.02874']"
2021-10,100.0,100.0,"['1811.11721', '1903.07293', '2012.12877', '2004.08955', '1910.03151', '2001.06810', '2006.04768', '2009.14794', '1710.08969', '2006.03654']","['1811.11721', '1903.07293', '2012.12877', '2004.08955', '1910.03151', '2006.04768', '2009.14794', '2001.06810', '2006.03654', '1710.08969']","['1811.11721', '1903.07293', '2012.12877', '2004.08955', '1910.03151', '2001.06810', '2006.04768', '2009.14794', '1710.08969', '2006.03654']"
2021-11,90.0,90.0,"['1811.11721', '1903.07293', '2012.12877', '2004.08955', '1910.03151', '2006.04768', '2009.14794', '2001.06810', '2006.03654', '1710.08969']","['1811.11721', '1903.07293', '2012.12877', '2004.08955', '1910.03151', '2006.04768', '2009.14794', '2001.06810', '2006.03654', '2004.13621']","['1811.11721', '1903.07293', '2012.12877', '2004.08955', '1910.03151', '2006.04768', '2009.14794', '2001.06810', '2006.03654', '1904.02874']"
2021-12,100.0,100.0,"['1811.11721', '1903.07293', '2012.12877', '2004.08955', '1910.03151', '2006.04768', '2009.14794', '2001.06810', '2006.03654', '2004.13621']","['1811.11721', '2012.12877', '1903.07293', '2004.08955', '1910.03151', '2006.04768', '2009.14794', '2001.06810', '2006.03654', '2004.13621']","['1811.11721', '1903.07293', '2012.12877', '2004.08955', '1910.03151', '2006.04768', '2009.14794', '2001.06810', '2006.03654', '2004.13621']"
2022-01,100.0,100.0,"['1811.11721', '2012.12877', '1903.07293', '2004.08955', '1910.03151', '2006.04768', '2009.14794', '2001.06810', '2006.03654', '2004.13621']","['1811.11721', '2012.12877', '1903.07293', '1910.03151', '2004.08955', '2006.04768', '2009.14794', '2001.06810', '2006.03654', '2004.13621']","['1811.11721', '2012.12877', '1903.07293', '1910.03151', '2004.08955', '2006.04768', '2009.14794', '2001.06810', '2006.03654', '2004.13621']"
2022-02,90.0,100.0,"['1811.11721', '2012.12877', '1903.07293', '1910.03151', '2004.08955', '2006.04768', '2009.14794', '2001.06810', '2006.03654', '2004.13621']","['1811.11721', '2012.12877', '1903.07293', '1910.03151', '2004.08955', '2006.04768', '2009.14794', '2001.06810', '2006.03654', '2004.13621']","['1811.11721', '2012.12877', '1903.07293', '1910.03151', '2004.08955', '2006.04768', '2009.14794', '2001.06810', '2006.03654', '2102.05095']"
2022-03,100.0,90.0,"['1811.11721', '2012.12877', '1903.07293', '1910.03151', '2004.08955', '2006.04768', '2009.14794', '2001.06810', '2006.03654', '2004.13621']","['2012.12877', '1811.11721', '1903.07293', '1910.03151', '2004.08955', '2006.04768', '2009.14794', '2006.03654', '2001.06810', '2102.05095']","['2012.12877', '1811.11721', '1903.07293', '1910.03151', '2004.08955', '2006.04768', '2009.14794', '2006.03654', '2001.06810', '2004.13621']"
2022-04,100.0,100.0,"['2012.12877', '1811.11721', '1903.07293', '1910.03151', '2004.08955', '2006.04768', '2009.14794', '2006.03654', '2001.06810', '2102.05095']","['2012.12877', '1811.11721', '1903.07293', '1910.03151', '2004.08955', '2006.04768', '2009.14794', '2006.03654', '2102.05095', '2001.06810']","['2012.12877', '1811.11721', '1903.07293', '1910.03151', '2004.08955', '2006.04768', '2009.14794', '2006.03654', '2001.06810', '2102.05095']"
2022-05,100.0,100.0,"['2012.12877', '1811.11721', '1903.07293', '1910.03151', '2004.08955', '2006.04768', '2009.14794', '2006.03654', '2102.05095', '2001.06810']","['2012.12877', '1811.11721', '1903.07293', '1910.03151', '2004.08955', '2006.04768', '2009.14794', '2006.03654', '2102.05095', '2001.06810']","['2012.12877', '1811.11721', '1903.07293', '1910.03151', '2004.08955', '2006.04768', '2009.14794', '2006.03654', '2102.05095', '2001.06810']"
2022-06,100.0,100.0,"['2012.12877', '1811.11721', '1903.07293', '1910.03151', '2004.08955', '2006.04768', '2009.14794', '2006.03654', '2102.05095', '2001.06810']","['2012.12877', '1811.11721', '1903.07293', '1910.03151', '2004.08955', '2006.04768', '2009.14794', '2006.03654', '2102.05095', '2001.06810']","['2012.12877', '1811.11721', '1903.07293', '1910.03151', '2004.08955', '2006.04768', '2009.14794', '2006.03654', '2102.05095', '2001.06810']"
2022-07,90.0,90.0,"['2012.12877', '1811.11721', '1903.07293', '1910.03151', '2004.08955', '2006.04768', '2009.14794', '2006.03654', '2102.05095', '2001.06810']","['2012.12877', '1811.11721', '1903.07293', '1910.03151', '2004.08955', '2006.04768', '2009.14794', '2102.05095', '2006.03654', '2004.13621']","['2012.12877', '1811.11721', '1903.07293', '1910.03151', '2004.08955', '2006.04768', '2009.14794', '2006.03654', '2102.05095', '2004.13621']"
2022-08,100.0,100.0,"['2012.12877', '1811.11721', '1903.07293', '1910.03151', '2004.08955', '2006.04768', '2009.14794', '2102.05095', '2006.03654', '2004.13621']","['2012.12877', '1811.11721', '1903.07293', '1910.03151', '2004.08955', '2006.04768', '2009.14794', '2102.05095', '2006.03654', '2004.13621']","['2012.12877', '1811.11721', '1903.07293', '1910.03151', '2004.08955', '2006.04768', '2009.14794', '2102.05095', '2006.03654', '2004.13621']"
2022-09,100.0,90.0,"['2012.12877', '1811.11721', '1903.07293', '1910.03151', '2004.08955', '2006.04768', '2009.14794', '2102.05095', '2006.03654', '2004.13621']","['2012.12877', '1811.11721', '1903.07293', '1910.03151', '2004.08955', '2006.04768', '2009.14794', '2102.05095', '2006.03654', '2103.02907']","['2012.12877', '1811.11721', '1903.07293', '1910.03151', '2004.08955', '2006.04768', '2009.14794', '2102.05095', '2006.03654', '2004.13621']"
2022-10,100.0,100.0,"['2012.12877', '1811.11721', '1903.07293', '1910.03151', '2004.08955', '2006.04768', '2009.14794', '2102.05095', '2006.03654', '2103.02907']","['2012.12877', '1811.11721', '1903.07293', '1910.03151', '2004.08955', '2006.04768', '2009.14794', '2006.03654', '2102.05095', '2103.02907']","['2012.12877', '1811.11721', '1903.07293', '1910.03151', '2004.08955', '2006.04768', '2009.14794', '2006.03654', '2102.05095', '2103.02907']"
2022-11,100.0,100.0,"['2012.12877', '1811.11721', '1903.07293', '1910.03151', '2004.08955', '2006.04768', '2009.14794', '2006.03654', '2102.05095', '2103.02907']","['2012.12877', '1811.11721', '1903.07293', '1910.03151', '2004.08955', '2006.04768', '2009.14794', '2006.03654', '2102.05095', '2103.02907']","['2012.12877', '1811.11721', '1903.07293', '1910.03151', '2004.08955', '2006.04768', '2009.14794', '2006.03654', '2102.05095', '2103.02907']"
2022-12,100.0,100.0,"['2012.12877', '1811.11721', '1903.07293', '1910.03151', '2004.08955', '2006.04768', '2009.14794', '2006.03654', '2102.05095', '2103.02907']","['2012.12877', '1811.11721', '1903.07293', '1910.03151', '2004.08955', '2006.04768', '2009.14794', '2006.03654', '2102.05095', '2103.02907']","['2012.12877', '1811.11721', '1903.07293', '1910.03151', '2004.08955', '2006.04768', '2009.14794', '2006.03654', '2102.05095', '2103.02907']"
2023-01,100.0,100.0,"['2012.12877', '1811.11721', '1903.07293', '1910.03151', '2004.08955', '2006.04768', '2009.14794', '2006.03654', '2102.05095', '2103.02907']","['2012.12877', '1811.11721', '1903.07293', '1910.03151', '2004.08955', '2006.04768', '2009.14794', '2102.05095', '2006.03654', '2103.02907']","['2012.12877', '1811.11721', '1903.07293', '1910.03151', '2004.08955', '2006.04768', '2009.14794', '2006.03654', '2102.05095', '2103.02907']"
2023-02,100.0,100.0,"['2012.12877', '1811.11721', '1903.07293', '1910.03151', '2004.08955', '2006.04768', '2009.14794', '2102.05095', '2006.03654', '2103.02907']","['2012.12877', '1811.11721', '1910.03151', '1903.07293', '2004.08955', '2006.04768', '2009.14794', '2102.05095', '2006.03654', '2103.02907']","['2012.12877', '1811.11721', '1903.07293', '1910.03151', '2004.08955', '2009.14794', '2006.04768', '2102.05095', '2006.03654', '2103.02907']"
2023-03,100.0,100.0,"['2012.12877', '1811.11721', '1910.03151', '1903.07293', '2004.08955', '2006.04768', '2009.14794', '2102.05095', '2006.03654', '2103.02907']","['2012.12877', '1811.11721', '1910.03151', '1903.07293', '2004.08955', '2006.04768', '2102.05095', '2006.03654', '2009.14794', '2103.02907']","['2012.12877', '1811.11721', '1910.03151', '1903.07293', '2004.08955', '2006.04768', '2102.05095', '2006.03654', '2009.14794', '2103.02907']"
2023-04,100.0,100.0,"['2012.12877', '1811.11721', '1910.03151', '1903.07293', '2004.08955', '2006.04768', '2102.05095', '2006.03654', '2009.14794', '2103.02907']","['2012.12877', '1811.11721', '1910.03151', '1903.07293', '2004.08955', '2102.05095', '2006.04768', '2103.02907', '2006.03654', '2009.14794']","['2012.12877', '1811.11721', '1910.03151', '1903.07293', '2004.08955', '2006.04768', '2102.05095', '2103.02907', '2009.14794', '2006.03654']"
2023-05,100.0,100.0,"['2012.12877', '1811.11721', '1910.03151', '1903.07293', '2004.08955', '2102.05095', '2006.04768', '2103.02907', '2006.03654', '2009.14794']","['2012.12877', '1811.11721', '1910.03151', '1903.07293', '2006.03654', '2103.02907', '2004.08955', '2102.05095', '2006.04768', '2009.14794']","['2012.12877', '1811.11721', '1910.03151', '1903.07293', '2102.05095', '2006.04768', '2004.08955', '2103.02907', '2006.03654', '2009.14794']"
2023-06,100.0,100.0,"['2012.12877', '1811.11721', '1910.03151', '1903.07293', '2006.03654', '2103.02907', '2004.08955', '2102.05095', '2006.04768', '2009.14794']","['2012.12877', '1811.11721', '1910.03151', '1903.07293', '2006.03654', '2103.02907', '2102.05095', '2004.08955', '2006.04768', '2009.14794']","['2012.12877', '1811.11721', '1910.03151', '1903.07293', '2006.03654', '2103.02907', '2004.08955', '2006.04768', '2009.14794', '2102.05095']"
2023-07,100.0,100.0,"['2012.12877', '1811.11721', '1910.03151', '1903.07293', '2006.03654', '2103.02907', '2102.05095', '2004.08955', '2006.04768', '2009.14794']","['2012.12877', '1811.11721', '1910.03151', '1903.07293', '2103.02907', '2006.03654', '2102.05095', '2006.04768', '2004.08955', '2009.14794']","['2012.12877', '1811.11721', '1910.03151', '1903.07293', '2006.03654', '2103.02907', '2102.05095', '2004.08955', '2006.04768', '2009.14794']"
2023-08,100.0,100.0,"['2012.12877', '1811.11721', '1910.03151', '1903.07293', '2103.02907', '2006.03654', '2102.05095', '2006.04768', '2004.08955', '2009.14794']","['2012.12877', '1910.03151', '1811.11721', '1903.07293', '2103.02907', '2006.03654', '2102.05095', '2006.04768', '2004.08955', '2009.14794']","['2012.12877', '1811.11721', '1910.03151', '1903.07293', '2103.02907', '2006.03654', '2102.05095', '2006.04768', '2004.08955', '2009.14794']"
2023-09,100.0,100.0,"['2012.12877', '1910.03151', '1811.11721', '1903.07293', '2103.02907', '2006.03654', '2102.05095', '2006.04768', '2004.08955', '2009.14794']","['2012.12877', '1910.03151', '1811.11721', '1903.07293', '2103.02907', '2006.03654', '2102.05095', '2006.04768', '2004.08955', '2009.14794']","['2012.12877', '1910.03151', '1811.11721', '1903.07293', '2103.02907', '2006.03654', '2102.05095', '2006.04768', '2004.08955', '2009.14794']"
2023-10,100.0,90.0,"['2012.12877', '1910.03151', '1811.11721', '1903.07293', '2103.02907', '2006.03654', '2102.05095', '2006.04768', '2004.08955', '2009.14794']","['2012.12877', '1910.03151', '1706.03762', '1811.11721', '1903.07293', '2103.02907', '2006.03654', '2102.05095', '2006.04768', '2004.08955']","['2012.12877', '1910.03151', '1811.11721', '1903.07293', '2103.02907', '2006.03654', '2102.05095', '2004.08955', '2006.04768', '2009.14794']"
2023-11,100.0,100.0,"['2012.12877', '1910.03151', '1706.03762', '1811.11721', '1903.07293', '2103.02907', '2006.03654', '2102.05095', '2006.04768', '2004.08955']","['1706.03762', '2012.12877', '1910.03151', '1811.11721', '1903.07293', '2103.02907', '2006.03654', '2102.05095', '2006.04768', '2004.08955']","['2012.12877', '1910.03151', '1811.11721', '1903.07293', '1706.03762', '2103.02907', '2006.03654', '2102.05095', '2006.04768', '2004.08955']"
2023-12,100.0,100.0,"['1706.03762', '2012.12877', '1910.03151', '1811.11721', '1903.07293', '2103.02907', '2006.03654', '2102.05095', '2006.04768', '2004.08955']","['1706.03762', '2012.12877', '1910.03151', '1811.11721', '1903.07293', '2103.02907', '2006.03654', '2102.05095', '2006.04768', '2004.08955']","['1706.03762', '2012.12877', '1910.03151', '1811.11721', '1903.07293', '2103.02907', '2006.03654', '2102.05095', '2006.04768', '2004.08955']"
2024-01,100.0,100.0,"['1706.03762', '2012.12877', '1910.03151', '1811.11721', '1903.07293', '2103.02907', '2006.03654', '2102.05095', '2006.04768', '2004.08955']","['1706.03762', '2012.12877', '1910.03151', '1811.11721', '1903.07293', '2103.02907', '2006.03654', '2102.05095', '2006.04768', '2004.08955']","['1706.03762', '2012.12877', '1910.03151', '1811.11721', '1903.07293', '2103.02907', '2006.03654', '2102.05095', '2006.04768', '2004.08955']"
2024-02,100.0,90.0,"['1706.03762', '2012.12877', '1910.03151', '1811.11721', '1903.07293', '2103.02907', '2006.03654', '2102.05095', '2006.04768', '2004.08955']","['1706.03762', '2012.12877', '1910.03151', '1811.11721', '1903.07293', '2103.02907', '2006.03654', '2102.05095', '2006.04768', '2009.14794']","['1706.03762', '2012.12877', '1910.03151', '1811.11721', '1903.07293', '2103.02907', '2006.03654', '2102.05095', '2006.04768', '2004.08955']"
2024-03,100.0,100.0,"['1706.03762', '2012.12877', '1910.03151', '1811.11721', '1903.07293', '2103.02907', '2006.03654', '2102.05095', '2006.04768', '2009.14794']","['1706.03762', '2012.12877', '1910.03151', '1811.11721', '1903.07293', '2103.02907', '2006.03654', '2102.05095', '2006.04768', '2009.14794']","['1706.03762', '2012.12877', '1910.03151', '1811.11721', '1903.07293', '2006.03654', '2103.02907', '2102.05095', '2006.04768', '2009.14794']"
